Source_Name,CLASS1,Signif_Avg,Energy_Flux100,Variability_Index
4FGL J0001.5+2113,fsrq,46.42582702636719,2.281995425956751e-11,1861.6033935546875
4FGL J0004.3+4614,fsrq,11.245722770690918,5.341389656965401e-12,148.10792541503906
4FGL J0004.4-4737,fsrq,23.33867835998535,5.242115769243938e-12,189.31394958496094
4FGL J0008.4+6837,bcu,26.440229415893555,1.5295433322681795e-11,599.9205322265625
4FGL J0009.3+5030,bll,64.89691925048828,2.2088390144725523e-11,234.30938720703125
4FGL J0010.6-3025,fsrq,24.288837432861328,5.963366085659505e-12,175.40003967285156
4FGL J0011.4+0057,fsrq,28.24532127380371,8.96463198812869e-12,346.1128234863281
4FGL J0013.0+3355,fsrq,11.104040145874023,2.7822325606580156e-12,106.57360076904297
4FGL J0016.2-0016,fsrq,19.93970489501953,7.2055274073778985e-12,140.62033081054688
4FGL J0017.5-0514,FSRQ,28.707115173339844,1.0952511467210435e-11,336.5447692871094
4FGL J0019.2-5640,bcu,14.665922164916992,3.2228321573957164e-12,108.18138885498047
4FGL J0019.6+7327,fsrq,18.71822738647461,1.1031922771131963e-11,494.1492004394531
4FGL J0022.5+0608,bll,61.903438568115234,2.2462162338476865e-11,239.23526000976562
4FGL J0023.7+4457,fsrq,24.017208099365234,7.458092303458397e-12,101.65792846679688
4FGL J0024.7+0349,fsrq,5.27811336517334,1.6374986219411247e-12,108.19442749023438
4FGL J0025.7-4801,bcu,13.455968856811523,2.167490579380038e-12,100.15196990966797
4FGL J0028.5+2001,fsrq,89.21285247802734,4.103033190983041e-11,7178.10791015625
4FGL J0030.3-4224,fsrq,52.35371017456055,1.6191279220145738e-11,545.139892578125
4FGL J0030.6-0212,fsrq,53.718711853027344,2.0197489514206524e-11,883.499755859375
4FGL J0032.3-5522,bcu,13.040528297424316,3.0783758788593962e-12,321.9383239746094
4FGL J0033.5-1921,bll,76.81763458251953,2.810553179077857e-11,101.91234588623047
4FGL J0034.0-4116,bcu,14.900646209716797,4.707155238509175e-12,141.8576202392578
4FGL J0035.9+5950,bll,69.93408203125,3.386510169511858e-11,325.57568359375
4FGL J0036.9+1832,bcu,10.179058074951172,3.4089452181224056e-12,115.2330551147461
4FGL J0038.2-2459,fsrq,97.55795288085938,3.528964273580293e-11,4113.291015625
4FGL J0043.8+3425,fsrq,67.48477935791016,2.6327098487377576e-11,344.50244140625
4FGL J0045.1-3706,fsrq,17.57819366455078,4.699123468815403e-12,193.8433074951172
4FGL J0045.3+2128,bll,47.787139892578125,1.464189880451272e-11,255.53964233398438
4FGL J0047.0+5657,bll,21.44550132751465,6.290666338532036e-12,124.22853088378906
4FGL J0047.9+2233,fsrq,10.303153038024902,4.136409097188487e-12,135.34750366210938
4FGL J0049.7+0237,bll,54.94009017944336,1.6826238319334053e-11,262.5780944824219
4FGL J0050.0-5736,fsrq,44.944793701171875,1.2721091541267882e-11,947.9246215820312
4FGL J0050.4-0452,fsrq,30.0921630859375,9.596452105187225e-12,243.49755859375
4FGL J0050.7-0929,BLL,87.66419982910156,3.589063074516119e-11,170.83822631835938
4FGL J0051.1-0648,fsrq,28.416601181030273,9.234498582477713e-12,188.64280700683594
4FGL J0051.2-6242,bll,69.56278991699219,2.0013046775346766e-11,171.33412170410156
4FGL J0051.5-4220,fsrq,17.5106143951416,6.039483583381022e-12,170.52601623535156
4FGL J0055.1-1219,bcu,27.360816955566406,7.064270175771714e-12,263.7890319824219
4FGL J0059.4-5654,,25.888341903686523,8.164290424272913e-12,100.92181396484375
4FGL J0102.4+4214,fsrq,14.902390480041504,5.349436605489588e-12,188.73057556152344
4FGL J0102.8+5824,fsrq,59.4448356628418,4.123571623049216e-11,952.9826049804688
4FGL J0105.1+3929,bll,23.6812744140625,6.378712662236108e-12,196.11843872070312
4FGL J0108.6+0134,fsrq,216.54632568359375,1.5329182367906924e-10,14536.505859375
4FGL J0109.7+6133,fsrq,34.527103424072266,2.6603852801287964e-11,1086.4229736328125
4FGL J0112.1+2245,BLL,155.20130920410156,8.251718058849278e-11,1002.4608764648438
4FGL J0112.8+3208,fsrq,70.55322265625,2.6564434679743343e-11,1275.749267578125
4FGL J0113.1-3553,fsrq,21.271841049194336,4.909737547076354e-12,168.3600616455078
4FGL J0113.4+4948,fsrq,38.742313385009766,1.311190132163853e-11,490.4082336425781
4FGL J0115.8+2519,bll,47.70136642456055,1.844014003993255e-11,337.6297912597656
4FGL J0116.0-1136,fsrq,30.647428512573242,9.994722063866313e-12,327.1496276855469
4FGL J0117.8-2109,fsrq,26.498931884765625,9.02583389972289e-12,347.3575134277344
4FGL J0118.9-2141,fsrq,57.70207214355469,2.5908233891591692e-11,528.2918701171875
4FGL J0126.0-2221,fsrq,13.152225494384766,3.440633845538943e-12,150.07376098632812
4FGL J0127.2+0324,bll,17.100130081176758,4.413585816265275e-12,110.6291275024414
4FGL J0129.8+1440,fsrq,20.428009033203125,6.461120267281517e-12,128.10902404785156
4FGL J0131.1+6120,bll,38.43587875366211,1.4914292023604503e-11,100.07070922851562
4FGL J0132.7-1654,fsrq,65.05709075927734,2.2076226263711973e-11,319.640380859375
4FGL J0133.1-5201,fsrq,59.269447326660156,1.6621254719795253e-11,1452.8839111328125
4FGL J0137.0+4751,fsrq,70.62776947021484,2.8903154175585755e-11,2130.610595703125
4FGL J0137.6-2430,fsrq,38.22626876831055,1.0640725280064434e-11,605.7924194335938
4FGL J0141.4-0928,bll,87.57335662841797,3.3246662367591995e-11,1005.2588500976562
4FGL J0143.1-3622,bcu,34.825958251953125,8.363314381309994e-12,620.5221557617188
4FGL J0144.6+2705,bll,111.3087158203125,5.237033723348716e-11,407.4533386230469
4FGL J0145.0-2732,fsrq,26.445266723632812,7.181861876037754e-12,963.9783935546875
4FGL J0147.6-0825,bcu,11.389917373657227,3.203298520534914e-12,103.08177947998047
4FGL J0154.5-6604,bcu,28.280363082885742,6.0912282162650655e-12,1091.3310546875
4FGL J0157.7-4614,fsrq,18.699426651000977,3.953217527635777e-12,185.09170532226562
4FGL J0158.5-5005,bcu,17.206453323364258,4.564567907677786e-12,256.9795227050781
4FGL J0203.7+3042,bll,47.12229919433594,1.6594489671284407e-11,987.981201171875
4FGL J0204.8+1513,bcu,28.40779685974121,9.28493480018e-12,138.2209014892578
4FGL J0205.0-1700,fsrq,69.5853271484375,2.613423366604195e-11,2332.20654296875
4FGL J0205.2+3212,fsrq,30.5612735748291,1.3580369467858233e-11,609.4376831054688
4FGL J0206.4-1151,fsrq,33.26373291015625,9.77147095876374e-12,351.2911682128906
4FGL J0207.5-2402,bcu,24.985565185546875,6.290294674027308e-12,180.95591735839844
4FGL J0209.3-5228,bll,74.38399505615234,2.487645853199716e-11,174.3773651123047
4FGL J0209.9+7229,bll,14.313315391540527,4.275676600967726e-12,193.6675262451172
4FGL J0210.7-5101,FSRQ,190.3643035888672,9.540454537493304e-11,13148.9775390625
4FGL J0211.2+1051,BLL,108.47349548339844,5.864259078336431e-11,605.7967529296875
4FGL J0216.6-1015,bcu,19.97754669189453,5.374355040860257e-12,184.34046936035156
4FGL J0217.8+0144,fsrq,88.2833251953125,3.6477845050120195e-11,1165.3175048828125
4FGL J0218.9-2305,bcu,17.145774841308594,4.628845483994892e-12,159.56800842285156
4FGL J0218.9+3643,bcu,20.537832260131836,8.134349964439291e-12,195.0479278564453
4FGL J0221.1+3556,FSRQ,129.4728546142578,7.572392018984075e-11,3609.469482421875
4FGL J0222.0-1616,fsrq,25.88382339477539,9.459844366177528e-12,262.7002868652344
4FGL J0222.6+4302,BLL,186.97410583496094,1.2821421702113867e-10,1811.133544921875
4FGL J0225.1-2604,bcu,27.763961791992188,7.338053775729492e-12,221.2813720703125
4FGL J0228.0-3026,fsrq,11.699339866638184,3.432969186700774e-12,153.0258331298828
4FGL J0228.3-5547,fsrq,82.7631607055664,3.557936237297277e-11,2747.82275390625
4FGL J0229.5-3644,fsrq,32.15458297729492,9.161190903106409e-12,373.5540771484375
4FGL J0230.8+4032,fsrq,34.65321731567383,1.062090086018097e-11,399.2535095214844
4FGL J0231.2-4745,fsrq,48.60506057739258,1.3905450575724121e-11,1837.7913818359375
4FGL J0231.8+1322,fsrq,16.39349937438965,7.760183988458902e-12,297.1397705078125
4FGL J0236.8-6136,fsrq,37.086666107177734,9.196614823847593e-12,882.9563598632812
4FGL J0237.8+2848,FSRQ,178.3545684814453,1.1793425958028791e-10,7848.63330078125
4FGL J0238.6+1637,BLL,144.56494140625,9.083678947918727e-11,6005.11083984375
4FGL J0239.7+0415,fsrq,16.558862686157227,7.059189170710578e-12,173.83340454101562
4FGL J0240.5+6113,HMB,261.2538146972656,4.55950888156309e-10,348.1695251464844
4FGL J0242.3+1102,fsrq,20.06127166748047,8.27419122800821e-12,115.4260025024414
4FGL J0242.3+5216,bcu,16.608530044555664,1.0098206992825709e-11,149.11122131347656
4FGL J0243.4+7119,bll,30.243114471435547,1.037745670645629e-11,183.3407440185547
4FGL J0245.4+2408,fsrq,13.837251663208008,7.17353737175741e-12,102.58822631835938
4FGL J0245.9-4650,fsrq,71.45804595947266,2.1424279017523418e-11,2178.758056640625
4FGL J0250.2-8224,bcu,13.196290016174316,4.077036885180574e-12,146.30670166015625
4FGL J0252.8-2219,fsrq,99.72479248046875,3.78232896391939e-11,1723.6917724609375
4FGL J0253.2-5441,fsrq,37.786685943603516,9.757713734237505e-12,936.6049194335938
4FGL J0253.9+5103,fsrq,15.338037490844727,9.532743518170239e-12,125.44839477539062
4FGL J0254.8+3933,fsrq,7.326590538024902,3.2821423530393634e-12,148.73416137695312
4FGL J0259.4+0746,fsrq,42.0772590637207,1.8598735399000255e-11,377.2748718261719
4FGL J0301.5-7156,fsrq,65.6097640991211,1.8927815911840007e-11,3566.3671875
4FGL J0303.4-2407,BLL,114.10326385498047,4.84508787257365e-11,532.8204345703125
4FGL J0303.6-6211,fsrq,42.6812744140625,1.2100456053820707e-11,311.961181640625
4FGL J0304.5+3349,bcu,8.032633781433105,4.159875569009763e-12,110.14781951904297
4FGL J0304.5+6821,bcu,20.797136306762695,1.4753222948860056e-11,100.79705810546875
4FGL J0309.0+1029,fsrq,27.98391342163086,1.2972446034043017e-11,596.82568359375
4FGL J0309.9-6058,fsrq,87.51079559326172,3.1563543445578546e-11,1252.3857421875
4FGL J0312.8+0134,fsrq,14.51461410522461,5.5140371435502544e-12,106.69169616699219
4FGL J0313.0+0229,bcu,19.27661895751953,7.069917568047757e-12,400.6678771972656
4FGL J0315.9-1033,fsrq,17.60633087158203,5.826119968410648e-12,158.3230743408203
4FGL J0319.8+4130,RDG,251.54229736328125,2.9129917922254833e-10,6460.00927734375
4FGL J0324.8+3412,nlsy1,22.75338363647461,1.6909420044730616e-11,266.9991455078125
4FGL J0325.5-5635,bll,41.50807189941406,1.083323621781096e-11,245.79066467285156
4FGL J0325.7+2225,fsrq,37.89750289916992,2.0752769294696272e-11,231.91819763183594
4FGL J0333.7+7851,bll,32.36261749267578,7.826098276375593e-12,123.40251922607422
4FGL J0333.9+6537,bll,38.394378662109375,1.4446130923440048e-11,103.73208618164062
4FGL J0334.2-3725,bll,80.15797424316406,2.4889429059427037e-11,153.84506225585938
4FGL J0334.2-4008,bll,103.37487030029297,3.360954917153158e-11,626.27392578125
4FGL J0339.5-0146,fsrq,96.5829086303711,5.207899389514381e-11,2977.302490234375
4FGL J0340.5-2118,bll,40.95865249633789,1.1117134990357158e-11,103.80583190917969
4FGL J0342.2+3858,fsrq,9.452065467834473,3.1329084292097686e-12,114.33689880371094
4FGL J0343.2-2529,fsrq,16.228242874145508,3.512718978540552e-12,258.4132385253906
4FGL J0343.2-6444,bll,27.57193374633789,6.4578936816162e-12,110.57898712158203
4FGL J0347.7-3616,bcu,15.820642471313477,3.5088403536887025e-12,125.38986206054688
4FGL J0348.6-2749,fsrq,226.8935089111328,1.7108989225356197e-10,18351.875
4FGL J0349.8-2103,fsrq,35.94441223144531,1.181513827747116e-11,493.1108093261719
4FGL J0353.0+5654,bll,17.52198600769043,7.106328980127641e-12,104.03207397460938
4FGL J0354.4+4643,bcu,16.852474212646484,1.0110184391065591e-11,114.34194946289062
4FGL J0354.7+8009,bll,12.106972694396973,2.1101679431589915e-12,311.5519104003906
4FGL J0357.0-4955,bll,31.735036849975586,6.138134705374609e-12,135.4208526611328
4FGL J0358.0-6946,bcu,11.424944877624512,2.0822514719409657e-12,109.29869079589844
4FGL J0358.9+6004,fsrq,7.2837443351745605,4.9691513924476904e-12,114.22930908203125
4FGL J0359.6+5057,fsrq,36.64287185668945,4.148082571875378e-11,984.9820556640625
4FGL J0401.7+2112,fsrq,24.111116409301758,1.1245255594760639e-11,211.00161743164062
4FGL J0401.9-2034,bcu,44.78986740112305,1.2533547984194815e-11,746.5042114257812
4FGL J0403.9-3605,FSRQ,146.01922607421875,6.491327614321918e-11,6772.68212890625
4FGL J0405.6-1308,fsrq,30.021726608276367,1.1089798350460978e-11,265.162841796875
4FGL J0407.0-3826,fsrq,61.02579116821289,2.6676256689728284e-11,853.1622924804688
4FGL J0413.1-5332,fsrq,10.550786018371582,3.906358309740954e-12,214.84957885742188
4FGL J0416.5-1852,fsrq,24.16616439819336,7.0640993055093304e-12,220.85482788085938
4FGL J0418.1-0252,bcu,28.49026107788086,7.1896030795493004e-12,373.7237243652344
4FGL J0420.3-3745,bcu,39.31476974487305,1.039790302470589e-11,106.49064636230469
4FGL J0422.1-0644,fsrq,19.908536911010742,1.2577140717784374e-11,347.8751220703125
4FGL J0423.3-0120,FSRQ,74.60700225830078,3.5040598894697794e-11,1353.095703125
4FGL J0424.9-5331,bll,32.57161331176758,6.252122951300176e-12,116.65591430664062
4FGL J0426.5+0517,fsrq,19.664934158325195,1.0722227793136252e-11,269.5374450683594
4FGL J0427.3-3900,bcu,22.08768081665039,1.2156858852918617e-11,127.46668243408203
4FGL J0428.6-3756,bll,258.5101318359375,1.7437849775259195e-10,6091.1748046875
4FGL J0433.0+0522,RDG,27.037019729614258,1.7552587855407253e-11,334.7436218261719
4FGL J0433.6-6030,fsrq,44.648311614990234,1.1426914969803192e-11,220.94908142089844
4FGL J0433.6+2905,bll,47.29402160644531,2.554824581058046e-11,227.617431640625
4FGL J0436.8-5223,bcu,14.712891578674316,3.6171352371661136e-12,136.30548095703125
4FGL J0440.3-4332,fsrq,61.56788635253906,2.4291247832652907e-11,2294.2333984375
4FGL J0442.6-0017,fsrq,77.89479064941406,3.60255263121001e-11,1238.8575439453125
4FGL J0449.1+1121,fsrq,46.504146575927734,2.944461688358935e-11,248.451416015625
4FGL J0449.2+6329,fsrq,28.151424407958984,1.1972664179515924e-11,456.2917785644531
4FGL J0449.4-4350,bll,180.19302368164062,1.2363639279033833e-10,654.15283203125
4FGL J0451.8-4651,fsrq,17.181293487548828,4.413156038524102e-12,206.3185272216797
4FGL J0453.1-2806,fsrq,56.704368591308594,2.1687348097931824e-11,368.7381896972656
4FGL J0455.7-4617,fsrq,35.91865158081055,1.2897033267733615e-11,185.1211395263672
4FGL J0456.6-3136,fsrq,28.77657699584961,7.214102579200521e-12,106.88497161865234
4FGL J0457.0-2324,FSRQ,247.8632049560547,1.8220711051064598e-10,4174.12890625
4FGL J0501.2-0158,fsrq,111.60072326660156,5.825014776084103e-11,2097.87890625
4FGL J0502.6+0036,,8.39724349975586,2.6419810349870287e-12,114.46247863769531
4FGL J0505.3+0459,fsrq,81.19290161132812,5.389731369542794e-11,3369.238037109375
4FGL J0505.6+6405,bcu,13.230847358703613,3.760841898320377e-12,237.3392333984375
4FGL J0509.4+0542,bll,118.62974548339844,7.540556373752949e-11,1254.740234375
4FGL J0510.0+1800,fsrq,58.84804153442383,2.971793297557035e-11,2041.9251708984375
4FGL J0515.6-4556,fsrq,75.0479736328125,2.8616732247743748e-11,2533.865234375
4FGL J0516.1-7240,bcu,14.958105087280273,3.841251101921461e-12,298.5816650390625
4FGL J0516.7-6207,bll,66.8621597290039,2.064823485803391e-11,241.130859375
4FGL J0521.7+2112,bll,135.0263214111328,1.168741770030124e-10,900.6553955078125
4FGL J0521.8-3848,bcu,12.51077651977539,3.5645451434279662e-12,147.20571899414062
4FGL J0522.9-3628,AGN,116.2702407836914,5.246834217098595e-11,868.3058471679688
4FGL J0526.2-4830,fsrq,93.77892303466797,3.7630960847412354e-11,1631.5015869140625
4FGL J0530.9+1332,FSRQ,27.482376098632812,2.2547238381909196e-11,537.0239868164062
4FGL J0532.0-4827,BLL,75.35938262939453,2.610819546666754e-11,3813.04150390625
4FGL J0532.6+0732,FSRQ,79.96186065673828,5.283199225325497e-11,809.240234375
4FGL J0533.3+4823,fsrq,59.14449691772461,3.148684438181171e-11,410.90997314453125
4FGL J0534.5+2201s,PWN,14.018437385559082,8.855438604626897e-11,659.5145263671875
4FGL J0534.5+2200,PSR,25.186389923095703,1.4568383166491117e-09,156.7290496826172
4FGL J0536.4-3401,fsrq,21.570188522338867,1.6766411176094564e-11,711.4267578125
4FGL J0538.8-4405,BLL,249.87147521972656,1.5315752832645302e-10,10390.0419921875
4FGL J0539.6+1432,FSRQ,16.567949295043945,1.0387471265083104e-11,215.49070739746094
4FGL J0539.9-2839,fsrq,49.62697219848633,2.0395952288199126e-11,910.0963134765625
4FGL J0540.8-5415,fsrq,12.975497245788574,4.916159059703551e-12,133.90773010253906
4FGL J0543.2+8238,bcu,14.683119773864746,3.705243577234452e-12,192.52537536621094
4FGL J0543.9-5531,bll,76.4349594116211,2.6397765917618443e-11,368.1505126953125
4FGL J0555.6+3947,fsrq,22.582521438598633,1.5010328049958055e-11,229.6624755859375
4FGL J0559.5+7026,,8.5737886428833,2.6373766452009173e-12,180.7560272216797
4FGL J0600.6-3939,fsrq,16.75767707824707,8.005592716520127e-12,114.98533630371094
4FGL J0601.1-7035,fsrq,60.79063034057617,2.097544880841351e-11,956.6987915039062
4FGL J0604.8+4411,bcu,10.685186386108398,6.036762235928084e-12,150.44125366210938
4FGL J0607.4+4739,bll,68.23371887207031,2.6578106035457516e-11,169.70570373535156
4FGL J0608.0-0835,fsrq,32.64608383178711,2.034536428219269e-11,351.451171875
4FGL J0608.1-1521,fsrq,21.234485626220703,1.0896669851157004e-11,386.31097412109375
4FGL J0608.9-5456,bcu,17.665691375732422,5.321980269673565e-12,119.02631378173828
4FGL J0611.6-2712,bcu,30.111454010009766,9.180120205676268e-12,469.0683288574219
4FGL J0617.2+5701,bll,46.90794372558594,1.3295585118977549e-11,111.87261962890625
4FGL J0620.5-2512,bcu,17.80067253112793,7.437697159551337e-12,140.8068389892578
4FGL J0622.3-2605,bll,58.99663162231445,2.1542224601378557e-11,146.92633056640625
4FGL J0622.9+3326,BCU,53.316139221191406,2.7707499489215692e-11,2808.65087890625
4FGL J0623.6-3351,bcu,32.75205993652344,1.1396029953036901e-11,641.7705078125
4FGL J0629.3-1959,bll,23.51077651977539,1.4042904859790095e-11,369.9876403808594
4FGL J0630.9-2406,bll,103.30913543701172,5.05877423284673e-11,135.05613708496094
4FGL J0633.4-2222,fsrq,14.547416687011719,5.509029430555978e-12,144.6232147216797
4FGL J0634.9-2335,fsrq,26.559017181396484,1.0578257020332771e-11,652.2528686523438
4FGL J0635.6-7518,fsrq,29.423486709594727,1.1436701412292916e-11,484.4349060058594
4FGL J0636.7+7139,bcu,26.0498104095459,7.806715343616766e-12,422.677734375
4FGL J0641.7-0320,FSRQ,20.56371307373047,2.0713703322017274e-11,430.48480224609375
4FGL J0643.2-5356,bcu,16.513925552368164,4.883247885917319e-12,176.18853759765625
4FGL J0643.3+0857,fsrq,27.626426696777344,2.5329174521693254e-11,425.2251281738281
4FGL J0644.4-6712,fsrq,52.550270080566406,1.423220395702085e-11,1575.5108642578125
4FGL J0647.7-6058,bll,14.900751113891602,5.065513546814726e-12,132.66993713378906
4FGL J0648.0-3045,fsrq,34.907344818115234,1.5010973367091118e-11,533.6734008789062
4FGL J0648.4-1744,fsrq,91.61296081542969,7.081202291203681e-11,4786.46923828125
4FGL J0650.2-1636,bcu,24.53851890563965,1.7268146981774812e-11,170.04144287109375
4FGL J0650.7+2503,bll,98.13947296142578,5.4798828669211375e-11,426.88690185546875
4FGL J0654.3+5042,fsrq,40.13131332397461,1.1491209025993321e-11,347.0297546386719
4FGL J0654.4+4514,FSRQ,36.33664321899414,1.1756167220267066e-11,817.9129028320312
4FGL J0656.3-0322,fsrq,26.142518997192383,2.4413584001625743e-11,138.79818725585938
4FGL J0700.5-6610,bll,94.47694396972656,3.520305574822302e-11,610.1554565429688
4FGL J0701.5-4634,fsrq,42.79853439331055,1.5567587149933892e-11,534.1446533203125
4FGL J0702.7-1951,bll,40.037593841552734,1.9806614681705526e-11,159.15699768066406
4FGL J0703.3-0050,bll,24.611385345458984,1.1699932689346326e-11,141.01002502441406
4FGL J0704.8+4907,bcu,17.06846046447754,5.0422968751739905e-12,112.6654052734375
4FGL J0706.8+7742,bll,41.689476013183594,7.958261653839838e-12,226.1865997314453
4FGL J0709.7-0255,fsrq,33.52263259887695,1.8242796162581953e-11,337.6307678222656
4FGL J0710.8-3851,fsrq,17.095060348510742,7.905029061894275e-12,119.32344818115234
4FGL J0712.7+5033,bll,43.29411315917969,1.2597051873841636e-11,141.3669891357422
4FGL J0713.0+5738,bcu,9.072279930114746,3.878494747588945e-12,113.04964447021484
4FGL J0713.8+1935,fsrq,39.27242660522461,1.6343414468988904e-11,827.083984375
4FGL J0718.0+4536,fsrq,23.24747085571289,6.453056405203439e-12,235.63914489746094
4FGL J0719.3+3307,fsrq,92.2532958984375,3.728155631432806e-11,1320.2633056640625
4FGL J0721.3+0405,fsrq,25.74351692199707,1.325632572463098e-11,136.2642364501953
4FGL J0721.9+7120,BLL,318.7853698730469,2.0815824064435162e-10,3680.857177734375
4FGL J0725.2+1425,FSRQ,75.8311538696289,3.491663208565754e-11,2616.02099609375
4FGL J0726.4-4727,fsrq,20.6502628326416,1.2036601750031739e-11,122.79825592041016
4FGL J0730.3-1141,fsrq,134.91802978515625,1.119385764636327e-10,3103.068603515625
4FGL J0732.7-4638,bcu,10.33092975616455,4.164317328470002e-12,107.6275634765625
4FGL J0733.5-5445,bcu,17.496171951293945,5.310270452529853e-12,104.02320861816406
4FGL J0733.8+0455,fsrq,14.544432640075684,5.063658693738038e-12,162.16111755371094
4FGL J0734.0+5021,fsrq,30.68018341064453,8.106704543764387e-12,490.2804870605469
4FGL J0734.4-7711,bcu,22.29206657409668,6.6673068975509064e-12,230.75450134277344
4FGL J0738.1+1742,bll,88.1635513305664,5.738366379293147e-11,285.7440185546875
4FGL J0738.9-6736,fsrq,11.242895126342773,6.71162214346821e-12,187.58770751953125
4FGL J0739.2+0137,fsrq,107.73346710205078,6.705101057713492e-11,2557.953125
4FGL J0742.6+5443,fsrq,62.214603424072266,1.8669191192977053e-11,2835.33056640625
4FGL J0746.6-4754,bll,51.736209869384766,1.899528104254422e-11,371.8212585449219
4FGL J0747.3-3310,bll,21.965316772460938,1.764891878475172e-11,135.8797149658203
4FGL J0748.6+2400,fsrq,25.25481605529785,9.878767942561595e-12,181.302490234375
4FGL J0750.8+1229,fsrq,32.13813018798828,1.171397874533131e-11,359.720703125
4FGL J0751.0+7908,bcu,26.508880615234375,3.777419349537681e-12,154.85842895507812
4FGL J0751.0-5131,bcu,26.58993911743164,1.0725834283242808e-11,695.3345336914062
4FGL J0751.9+3314,fsrq,43.28693389892578,1.3850817194571707e-11,2246.366455078125
4FGL J0805.2-0110,fsrq,19.368417739868164,6.1307933556242755e-12,112.42024230957031
4FGL J0805.4+6147,fsrq,11.910327911376953,5.007273241874888e-12,276.2718505859375
4FGL J0807.1-0541,bll,35.12757873535156,1.1834951421652029e-11,134.51809692382812
4FGL J0808.2-0751,fsrq,127.960693359375,7.63549848348255e-11,3890.60107421875
4FGL J0809.5+5341,fsrq,46.28269958496094,1.1479974956762895e-11,574.00927734375
4FGL J0809.8+5218,BLL,105.44142150878906,4.134880285389109e-11,360.903076171875
4FGL J0811.4+0146,bll,72.8427963256836,3.096790879286715e-11,544.0470581054688
4FGL J0814.6+6430,bll,54.698219299316406,1.6828200291585382e-11,222.3213653564453
4FGL J0816.4-1311,bll,44.322044372558594,1.601587786004277e-11,139.32025146484375
4FGL J0816.7-2420,bcu,15.098282814025879,8.306325245677204e-12,153.68751525878906
4FGL J0818.2+4222,bll,123.62434387207031,5.283209980611048e-11,281.6932373046875
4FGL J0824.4+2440,fsrq,18.903955459594727,6.650145711883937e-12,237.9642333984375
4FGL J0824.7+5552,fsrq,25.515932083129883,8.739071098717854e-12,119.35879516601562
4FGL J0825.9-3218,bcu,16.996919631958008,9.488164594284587e-12,108.70830535888672
4FGL J0825.9-2230,bll,102.10134887695312,5.007286946190348e-11,388.6309814453125
4FGL J0830.8+2410,FSRQ,41.47035598754883,1.468725488451561e-11,1599.199951171875
4FGL J0831.8+0429,bll,78.87547302246094,3.088503064407888e-11,541.4545288085938
4FGL J0839.8+0105,fsrq,47.70661926269531,1.6851553139018982e-11,1027.1685791015625
4FGL J0841.3+7053,FSRQ,73.21124267578125,3.682658691883667e-11,4904.22412109375
4FGL J0849.8-3541,bcu,24.393354415893555,1.0854604541588042e-11,168.9934539794922
4FGL J0850.0+4855,bll,37.70155334472656,1.3705793444618308e-11,273.11492919921875
4FGL J0850.0+5108,NLSY1,53.14827346801758,1.3751741932688244e-11,1350.4486083984375
4FGL J0850.1-1212,fsrq,53.00067901611328,1.8922663783116356e-11,746.4083862304688
4FGL J0852.5-5755,bcu,60.83401107788086,2.892612538385464e-11,1577.2586669921875
4FGL J0854.8+2006,BLL,108.08605194091797,5.3307969150040435e-11,1014.767333984375
4FGL J0857.9-1949,fsrq,17.154495239257812,7.880814924254853e-12,118.01455688476562
4FGL J0902.4+2051,bll,42.5284538269043,1.3125643801015219e-11,102.8860092163086
4FGL J0904.5-3513,bcu,12.569873809814453,6.430585664657373e-12,154.4462432861328
4FGL J0904.9-5734,bcu,177.62144470214844,1.376291025589893e-10,15892.66796875
4FGL J0906.3-0905,bll,21.688337326049805,5.426803537794678e-12,106.6590347290039
4FGL J0909.1+0121,fsrq,42.802066802978516,2.2545208755442303e-11,1118.56787109375
4FGL J0909.7-0230,fsrq,60.77279281616211,2.1879140860159296e-11,156.5736541748047
4FGL J0910.6+2247,fsrq,14.976338386535645,5.6829879344078016e-12,190.61900329589844
4FGL J0912.2+4127,fsrq,26.538236618041992,8.037567139629331e-12,382.5401916503906
4FGL J0920.9+4441,fsrq,69.092529296875,4.049956897622664e-11,2397.603515625
4FGL J0921.6+6216,fsrq,107.4268798828125,3.385419722334859e-11,3454.82421875
4FGL J0922.6+0434,bcu,22.253517150878906,7.120001636884421e-12,174.91641235351562
4FGL J0922.7-3959,fsrq,31.01055335998535,1.7034986268815722e-11,849.1689453125
4FGL J0923.5+3852,bcu,18.265146255493164,6.077341754839871e-12,114.38351440429688
4FGL J0924.0+2816,fsrq,15.375252723693848,4.219949910344578e-12,137.18064880371094
4FGL J0928.1-2035,fsrq,13.58543586730957,4.842353081013773e-12,140.3177032470703
4FGL J0929.3+5014,bll,37.13155746459961,1.008078689967995e-11,105.82038879394531
4FGL J0930.3+8612,bll,40.07281494140625,1.0296397415232583e-11,240.35614013671875
4FGL J0932.6+5306,fsrq,24.450735092163086,5.550043931379367e-12,443.75225830078125
4FGL J0940.0-2828,bcu,13.478068351745605,5.08282825550932e-12,117.8600082397461
4FGL J0940.9-1335,fsrq,26.106943130493164,8.562229050768089e-12,212.23519897460938
4FGL J0942.3-0800,bll,27.802892684936523,7.106776538784443e-12,171.0033416748047
4FGL J0943.7+6137,bcu,10.537948608398438,4.035062648594101e-12,101.42997741699219
4FGL J0945.2+5200,fsrq,21.637821197509766,5.293811829870654e-12,258.57879638671875
4FGL J0946.6+1016,fsrq,48.67475128173828,1.8902083023797367e-11,445.58233642578125
4FGL J0948.9+0022,NLSY1,60.76849365234375,3.572472873081267e-11,1018.8427124023438
4FGL J0953.1-3005,bcu,8.191658020019531,2.954672314106621e-12,136.2861328125
4FGL J0956.7+2516,fsrq,26.740150451660156,8.192382536242881e-12,176.18455505371094
4FGL J0957.3-1348,fsrq,22.794301986694336,7.345947634906924e-12,130.85105895996094
4FGL J0958.0+4728,fsrq,21.080596923828125,6.615676322735409e-12,177.69325256347656
4FGL J0958.7+6534,BLL,137.74771118164062,5.513134740398051e-11,4527.45751953125
4FGL J1001.1+2911,bll,33.29328536987305,9.612107117196178e-12,326.0182800292969
4FGL J1006.7-2159,fsrq,66.50544738769531,3.114445507046426e-11,1823.403564453125
4FGL J1007.6-3332,fsrq,32.43848419189453,1.1248979178701823e-11,414.85870361328125
4FGL J1008.0+0620,bll,31.332073211669922,9.600707381873796e-12,106.44796752929688
4FGL J1012.7+2439,fsrq,59.6428108215332,1.984753680850382e-11,770.1715698242188
4FGL J1015.0+4926,bll,177.8374786376953,8.191435030280303e-11,418.2353820800781
4FGL J1016.0+0512,fsrq,30.231689453125,1.1082914100346564e-11,596.5994873046875
4FGL J1018.3-3124,fsrq,32.4167366027832,1.2347546596291892e-11,253.5927276611328
4FGL J1018.4+3540,fsrq,23.08870506286621,6.083688674357601e-12,166.28802490234375
4FGL J1023.1+3949,fsrq,48.51070785522461,1.3253086995901331e-11,1979.7623291015625
4FGL J1023.7+0038,LMB,82.41372680664062,3.6361327143685784e-11,1628.1787109375
4FGL J1023.9-3236,fsrq,20.477502822875977,7.397693568833574e-12,425.5003967285156
4FGL J1026.9-1749,bll,37.308380126953125,1.2364341321624561e-11,127.34156799316406
4FGL J1027.2+7427,bcu,22.2681941986084,7.548079349051218e-12,248.77268981933594
4FGL J1031.6+6019,fsrq,20.5695858001709,8.696602465940728e-12,137.27088928222656
4FGL J1033.1+4115,fsrq,38.705543518066406,1.0134561592711755e-11,211.0074462890625
4FGL J1033.9+6050,FSRQ,100.98822784423828,4.007537357519908e-11,1596.7615966796875
4FGL J1036.2+2202,fsrq,25.977157592773438,7.813243975418604e-12,351.38616943359375
4FGL J1036.2-5936,NOV,18.840044021606445,2.093690151805383e-11,992.0706787109375
4FGL J1037.4-2933,fsrq,23.947118759155273,8.828784058001471e-12,158.51023864746094
4FGL J1037.7-2822,fsrq,37.87460708618164,1.7696922052778952e-11,395.5353088378906
4FGL J1037.7+5711,bll,79.41844177246094,3.6962207600188535e-11,197.74391174316406
4FGL J1038.8-5312,fsrq,18.603286743164062,1.014514080383e-11,812.8429565429688
4FGL J1040.5+0617,bll,22.740901947021484,1.0616178942879362e-11,172.09645080566406
4FGL J1041.5+0607,fsrq,6.311486721038818,7.140191649740446e-12,108.8524169921875
4FGL J1043.0+5316,,13.94497013092041,3.5692091643335644e-12,195.4130401611328
4FGL J1045.8-2928,fsrq,11.694339752197266,4.496074953314055e-12,180.46926879882812
4FGL J1047.8-6216,bcu,21.202022552490234,1.6179620143663698e-11,116.93907165527344
4FGL J1047.9+0055,bcu,8.951821327209473,4.7475222537951556e-12,174.26785278320312
4FGL J1048.4+7143,FSRQ,190.04185485839844,9.729220207255196e-11,12782.3408203125
4FGL J1049.8+1429,bcu,37.61900329589844,1.1996046517248615e-11,617.6184692382812
4FGL J1050.1+0432,fsrq,19.295551300048828,6.524479307518094e-12,421.32025146484375
4FGL J1055.9+6507,,13.52939510345459,2.5088199746836626e-12,111.44298553466797
4FGL J1056.8+7012,fsrq,27.088891983032227,1.070930150115501e-11,333.2141418457031
4FGL J1058.4+0133,BLL,102.24164581298828,5.81511783170896e-11,672.5476684570312
4FGL J1058.5+8115,fsrq,17.039724349975586,3.3836828738226243e-12,156.31005859375
4FGL J1058.6+2817,bll,36.04044723510742,9.52769807494036e-12,564.096435546875
4FGL J1058.6-8003,bll,39.804134368896484,1.3051741111491655e-11,648.69482421875
4FGL J1058.6+5627,BLL,101.08074951171875,3.014101468412633e-11,214.7667999267578
4FGL J1059.2-1134,bll,78.2161865234375,3.082398572495926e-11,154.63308715820312
4FGL J1103.0+1157,fsrq,37.8571662902832,1.2288812328842269e-11,561.7822265625
4FGL J1103.9-5357,bll,82.22846984863281,4.080857526900239e-11,894.1556396484375
4FGL J1104.4+3812,BLL,363.7001953125,4.043508028406251e-10,1694.3505859375
4FGL J1106.0+2813,fsrq,29.081605911254883,8.001333103024866e-12,143.2910614013672
4FGL J1106.7+3623,,17.07632064819336,4.6829111768897924e-12,257.397216796875
4FGL J1107.0-4449,fsrq,31.032867431640625,1.465667517908109e-11,262.5389404296875
4FGL J1112.5+3448,fsrq,16.78614616394043,9.063952713384005e-12,198.55686950683594
4FGL J1117.0+2013,bll,49.458335876464844,1.6081155504443778e-11,167.34014892578125
4FGL J1118.2-0415,agn,15.50664234161377,6.5990962694328914e-12,328.0865478515625
4FGL J1121.4-0553,fsrq,42.45231628417969,1.5536349984301978e-11,510.4656982421875
4FGL J1127.0-1857,fsrq,106.32886505126953,4.957403584859854e-11,5572.33544921875
4FGL J1127.4+5648,fsrq,19.640300750732422,4.2276282301301205e-12,102.73209381103516
4FGL J1127.8+3618,fsrq,36.40660095214844,1.169542067358531e-11,231.4662322998047
4FGL J1128.0+5924,fsrq,35.77886199951172,7.669814436339628e-12,321.89874267578125
4FGL J1129.8-1447,fsrq,37.265625,2.1868364757926528e-11,1884.4229736328125
4FGL J1131.0+3815,fsrq,43.45362854003906,1.9395211131589818e-11,628.356689453125
4FGL J1136.2+3407,fsrq,25.193706512451172,7.338294034930914e-12,304.5787353515625
4FGL J1145.7-6949,fsrq,12.261848449707031,7.140930208260343e-12,132.60910034179688
4FGL J1146.9+3958,fsrq,115.44355773925781,4.889581101119589e-11,1809.0584716796875
4FGL J1147.0-3812,bll,54.31976318359375,2.146001432112854e-11,169.34121704101562
4FGL J1147.8-0724,fsrq,20.716358184814453,7.884104827327043e-12,216.8457794189453
4FGL J1152.3-0839,fsrq,38.79201889038086,1.4699791731076495e-11,483.8905029296875
4FGL J1153.0+8056,fsrq,11.264730453491211,3.8364433158077915e-12,100.85457611083984
4FGL J1153.3-1104,bcu,38.97584533691406,1.7457842463319828e-11,1864.963134765625
4FGL J1153.4+4931,FSRQ,43.25313949584961,1.143641951972807e-11,1416.6455078125
4FGL J1154.0+6018,fsrq,13.76962947845459,4.473077290512162e-12,136.3424072265625
4FGL J1156.8-1537,bcu,10.783278465270996,3.426330616798645e-12,105.33110809326172
4FGL J1158.5+4824,fsrq,21.21245765686035,5.844393545506588e-12,142.51791381835938
4FGL J1159.2-2227,bcu,35.54041290283203,1.4482400521875771e-11,690.9154052734375
4FGL J1159.3-2142,fsrq,35.388587951660156,1.7231037777176716e-11,115.41983795166016
4FGL J1159.5+2914,fsrq,241.1578369140625,1.4634468636920417e-10,15590.3212890625
4FGL J1202.5-0528,fsrq,12.984817504882812,6.187825425663096e-12,289.0051574707031
4FGL J1207.7-0106,fsrq,21.903533935546875,5.926164507036313e-12,290.3134460449219
4FGL J1208.9+5441,fsrq,49.1563720703125,1.3897083137037747e-11,611.1382446289062
4FGL J1209.8+1810,fsrq,20.48699951171875,6.492124112605913e-12,172.03062438964844
4FGL J1211.6-2735,bcu,14.410027503967285,6.8734354145838505e-12,229.43678283691406
4FGL J1215.0+1656,fsrq,23.351831436157227,7.697897007330479e-12,241.9832763671875
4FGL J1217.9+3007,BLL,150.3873748779297,9.252060922948502e-11,780.5142822265625
4FGL J1218.5-0119,bll,45.294124603271484,1.5463465577458813e-11,211.075439453125
4FGL J1220.1+7105,fsrq,77.1736831665039,1.9701041145681053e-11,1357.9248046875
4FGL J1221.3+3010,bll,90.58413696289062,4.7503612154997654e-11,128.6337432861328
4FGL J1221.5+2814,bll,85.73086547851562,3.3106292013362904e-11,352.4212646484375
4FGL J1222.5+0414,fsrq,31.540340423583984,1.591760750985216e-11,187.79364013671875
4FGL J1223.9+5000,fsrq,28.353696823120117,7.163158521200641e-12,204.4516143798828
4FGL J1224.4+2436,bll,37.96478271484375,1.0107061888808833e-11,274.8143310546875
4FGL J1224.9+2122,FSRQ,205.53326416015625,1.4100960676888263e-10,28289.09765625
4FGL J1225.0+0330,fsrq,15.313386917114258,7.568229029586426e-12,236.3378448486328
4FGL J1228.0-4853,MSP,52.74934387207031,2.4611580135003308e-11,181.27137756347656
4FGL J1228.7+4858,fsrq,17.61634635925293,4.422072517190623e-12,104.75841522216797
4FGL J1229.0+0202,FSRQ,135.40008544921875,9.756306179609098e-11,8013.1708984375
4FGL J1230.2+2517,bll,110.65715789794922,4.472427983515104e-11,2175.5263671875
4FGL J1231.7+2847,bll,53.16975021362305,1.647820768724273e-11,324.8125915527344
4FGL J1238.5-1201,fsrq,20.26961898803711,8.417993732634521e-12,171.66543579101562
4FGL J1239.5+0443,fsrq,106.84634399414062,5.1132514888863057e-11,2879.997314453125
4FGL J1243.9-0218,bcu,17.922334671020508,4.262303184010552e-12,167.92623901367188
4FGL J1246.7-2548,fsrq,124.396728515625,7.208890429044601e-11,2025.3251953125
4FGL J1248.3+5820,bll,145.04638671875,5.339364714251893e-11,192.8567352294922
4FGL J1251.3-0201,bcu,21.211463928222656,4.961794863866942e-12,124.44088745117188
4FGL J1253.2+5301,bll,101.98538970947266,3.232660319985037e-11,137.7233428955078
4FGL J1254.9-7141,bcu,8.37578296661377,4.243173520879218e-12,166.6428985595703
4FGL J1256.1-0547,FSRQ,319.2816467285156,4.230252537151813e-10,33299.4140625
4FGL J1257.8+3228,fsrq,48.38364791870117,1.271875486874574e-11,487.68988037109375
4FGL J1258.6-1759,fsrq,28.150171279907227,9.47863402350757e-12,300.6070861816406
4FGL J1258.8-2219,fsrq,40.92560577392578,1.9457263925048984e-11,597.9764404296875
4FGL J1259.1-2311,bll,24.283870697021484,9.156289441925036e-12,107.45540618896484
4FGL J1259.7-3223,bll,24.284006118774414,8.652715696721991e-12,206.69276428222656
4FGL J1303.0+2434,bll,53.966094970703125,1.547668243562228e-11,308.9433288574219
4FGL J1304.3-4353,bll,56.07062530517578,2.3027578108236746e-11,123.69127655029297
4FGL J1308.4-6706,bcu,17.820941925048828,8.607358749357363e-12,146.37100219726562
4FGL J1308.5+3547,fsrq,43.74009323120117,1.0496530727932551e-11,428.0003356933594
4FGL J1310.5+3221,fsrq,53.728267669677734,4.107105627815244e-11,1684.048095703125
4FGL J1311.0+3233,fsrq,11.452998161315918,1.1247727575713906e-11,100.71824645996094
4FGL J1312.4-2156,bll,48.61806869506836,1.7166719434857924e-11,296.2874755859375
4FGL J1312.6+4828,bcu,64.32450866699219,1.6713033734738758e-11,4167.943359375
4FGL J1312.8-0425,fsrq,49.87276077270508,1.8821220623688184e-11,714.39404296875
4FGL J1315.1-5333,bll,31.43486213684082,1.966870416536537e-11,388.41278076171875
4FGL J1316.1-3338,fsrq,58.689002990722656,2.693364281602939e-11,926.0812377929688
4FGL J1317.6+3428,fsrq,18.09878921508789,4.859754525882165e-12,168.92147827148438
4FGL J1318.2+6754,bcu,10.682148933410645,1.7232669284605873e-12,109.70626068115234
4FGL J1321.1+2216,fsrq,57.503421783447266,1.9680019766599166e-11,401.6690673828125
4FGL J1322.0+8317,fsrq,10.235977172851562,2.1015853987615962e-12,122.15948486328125
4FGL J1322.6-0936,fsrq,22.635854721069336,8.465894651976669e-12,480.37164306640625
4FGL J1324.9+4748,fsrq,13.004803657531738,3.9659152697990585e-12,104.33150482177734
4FGL J1326.8-5256,bll,46.34156799316406,2.4011584387473306e-11,483.1533508300781
4FGL J1326.9+2210,fsrq,32.5749626159668,1.146999075579691e-11,304.1553955078125
4FGL J1329.0-5607,bll,54.11533737182617,3.6511498685554145e-11,1163.96875
4FGL J1330.2-7003,bcu,37.44269561767578,1.8194071249588717e-11,1070.705322265625
4FGL J1332.0-0509,fsrq,55.11692810058594,3.1373219994135226e-11,2504.6572265625
4FGL J1332.6-1256,fsrq,54.64551544189453,3.225699568565332e-11,983.5233764648438
4FGL J1333.7+5056,fsrq,36.61207962036133,7.968359479193499e-12,338.2986145019531
4FGL J1336.5-1529,bcu,15.001639366149902,4.9789911776843e-12,281.4825744628906
4FGL J1337.6-1257,fsrq,54.452850341796875,2.4877573959192212e-11,478.1562194824219
4FGL J1339.1-2620,fsrq,14.435664176940918,4.787302498865387e-12,157.63189697265625
4FGL J1340.4+6926,bcu,12.294093132019043,2.7896686696782247e-12,162.7473907470703
4FGL J1341.8-2053,fsrq,9.400273323059082,4.664029579215523e-12,143.22412109375
4FGL J1344.2-1723,fsrq,44.36194610595703,1.5870322417343985e-11,539.0701293945312
4FGL J1345.5+4453,fsrq,170.9537811279297,7.989616607195771e-11,7749.6240234375
4FGL J1345.8+0706,fsrq,23.82587242126465,8.957041705559554e-12,234.32568359375
4FGL J1349.5-1131,fsrq,25.732421875,1.0098174900441403e-11,547.8616333007812
4FGL J1350.8+3033,fsrq,29.23650550842285,7.258752626748688e-12,364.1905822753906
4FGL J1351.0+0029,fsrq,7.105050086975098,2.245345836343615e-12,120.49198150634766
4FGL J1354.8-1041,fsrq,25.972578048706055,9.085844056289094e-12,198.66456604003906
4FGL J1358.1+7642,fsrq,18.990015029907227,3.988559916373591e-12,137.7477569580078
4FGL J1359.1+5544,fsrq,31.09265899658203,7.205919454883469e-12,107.42353820800781
4FGL J1408.9-0751,fsrq,85.93299102783203,4.8844123190505684e-11,4162.62646484375
4FGL J1415.5+4830,bll,32.12359619140625,6.4572804568674425e-12,179.63865661621094
4FGL J1416.0+1320,bcu,63.183284759521484,2.2729726087411528e-11,2138.694580078125
4FGL J1416.0+3443,bcu,9.191514015197754,2.427773693886026e-12,183.20077514648438
4FGL J1418.4+3543,FSRQ,60.88954544067383,1.703239979611304e-11,1775.4970703125
4FGL J1419.4-0838,fsrq,60.47023010253906,2.3358754167035478e-11,761.146728515625
4FGL J1419.8+5423,bll,49.44118118286133,1.1814911028695807e-11,392.6645812988281
4FGL J1422.5+3223,fsrq,130.02838134765625,4.998031502556621e-11,9982.744140625
4FGL J1423.1+3738,bll,23.159530639648438,4.291172452097758e-12,248.41806030273438
4FGL J1423.6-7829,fsrq,24.106903076171875,7.860739836829111e-12,270.6630859375
4FGL J1424.2+0433,bll,26.7066707611084,6.7581725805843096e-12,231.55831909179688
4FGL J1424.8-6808,bcu,31.63194465637207,1.7618436223831857e-11,146.9539794921875
4FGL J1427.0+2348,BLL,171.1042022705078,1.0741618705623068e-10,689.5082397460938
4FGL J1427.6-3305,bll,41.319557189941406,1.5033172623413193e-11,347.88232421875
4FGL J1427.9-4206,FSRQ,305.4143371582031,3.346315446961512e-10,17461.421875
4FGL J1433.0-1801,fsrq,9.304723739624023,3.4123329162305538e-12,139.3272705078125
4FGL J1434.7+1950,fsrq,46.976749420166016,1.852644079813892e-11,635.5840454101562
4FGL J1435.9-8348,bcu,21.60016441345215,7.800486818976271e-12,222.164794921875
4FGL J1438.9+3710,fsrq,39.66007995605469,9.653646805551919e-12,431.0102844238281
4FGL J1440.0-1530,bll,14.985222816467285,7.423565234754292e-12,112.25536346435547
4FGL J1443.9-3908,bll,91.40200805664062,4.848232926235596e-11,271.1888732910156
4FGL J1443.9+2501,fsrq,55.8701286315918,3.80372851271904e-11,2798.958251953125
4FGL J1446.3+3111,bcu,18.05217170715332,4.454460238167979e-12,183.83396911621094
4FGL J1449.6-2137,fsrq,11.635050773620605,4.391565236461226e-12,111.65589904785156
4FGL J1450.4+0910,fsrq,17.186752319335938,4.229786226134236e-12,305.6969909667969
4FGL J1454.4+5124,bll,92.05227661132812,3.34342935282006e-11,492.60845947265625
4FGL J1457.3-4246,bcu,29.151636123657227,1.4215181982912828e-11,596.8240966796875
4FGL J1457.4-3539,FSRQ,81.28936004638672,3.895090153194225e-11,3870.61279296875
4FGL J1459.0+7140,css,16.41278839111328,3.419536572304982e-12,264.0329895019531
4FGL J1502.5+5552,bcu,10.229229927062988,2.3666246913578437e-12,108.98468780517578
4FGL J1504.4+1029,FSRQ,243.14622497558594,1.787453518531379e-10,15469.65234375
4FGL J1506.1+3731,fsrq,62.853450775146484,1.9464038020222674e-11,2005.346923828125
4FGL J1510.1+5702,fsrq,14.518527030944824,4.1285265137136484e-12,165.4399871826172
4FGL J1512.8-0906,FSRQ,245.4418182373047,3.6949016068987817e-10,10537.09765625
4FGL J1512.9-5639,bcu,23.514719009399414,1.9598548478549915e-11,243.8419647216797
4FGL J1513.2-7131,bcu,16.27225112915039,4.005818246555215e-12,133.03607177734375
4FGL J1513.4-3231,fsrq,17.561031341552734,9.847097963422424e-12,176.07435607910156
4FGL J1514.8-0949,bll,18.200902938842773,8.442306749512074e-12,343.3908996582031
4FGL J1514.8+4448,,24.365768432617188,5.006938440244024e-12,162.7828369140625
4FGL J1517.7-2422,bll,113.9310302734375,7.533833279449453e-11,638.9811401367188
4FGL J1518.0-2731,bll,39.03987503051758,1.8398942092101578e-11,181.3606719970703
4FGL J1522.1+3144,fsrq,172.5883026123047,9.981489246246866e-11,10523.197265625
4FGL J1522.6-2730,bll,41.286460876464844,1.7367775620447112e-11,177.4515838623047
4FGL J1532.7-1319,bcu,79.78446197509766,4.095162750572534e-11,1554.6357421875
4FGL J1534.8+0131,fsrq,23.056350708007812,9.065245949735345e-12,234.07635498046875
4FGL J1535.9+3743,,18.483179092407227,4.560352095950293e-12,196.87295532226562
4FGL J1539.6+2743,fsrq,28.404333114624023,6.594442006346846e-12,181.8633575439453
4FGL J1543.0+6130,bll,142.06846618652344,4.704183223513958e-11,1308.0220947265625
4FGL J1544.3-0649,bcu,32.574851989746094,1.2771553779822309e-11,599.8131713867188
4FGL J1548.3+1456,bll,67.4205551147461,2.5370282263903476e-11,640.11865234375
4FGL J1549.5+0236,fsrq,24.522689819335938,9.759240290896365e-12,259.0053405761719
4FGL J1553.6+1257,fsrq,37.26559066772461,1.3043353723485307e-11,705.075439453125
4FGL J1553.6-2422,fsrq,39.338191986083984,1.8640049573304118e-11,464.0418701171875
4FGL J1555.7+1111,BLL,130.3493194580078,1.8509523080911805e-10,254.81961059570312
4FGL J1558.8+5625,bll,41.14044189453125,8.877579227295485e-12,113.428955078125
4FGL J1602.1+3324,bcu,38.607242584228516,9.528208951004036e-12,1547.952392578125
4FGL J1603.8-4903,bll,64.54490661621094,5.941109409990375e-11,535.7979125976562
4FGL J1604.5-4441,bll,28.24587631225586,2.063278541075686e-11,296.58001708984375
4FGL J1604.6+5714,fsrq,58.104583740234375,1.7876955124562777e-11,279.48590087890625
4FGL J1606.8-0351,bcu,6.358539581298828,2.8130772451034902e-12,122.29174041748047
4FGL J1608.7+1029,fsrq,35.02967071533203,1.4813471629904207e-11,730.5034790039062
4FGL J1613.6+3411,fsrq,32.78579330444336,9.687048038720114e-12,119.80248260498047
4FGL J1617.3-5849,fsrq,17.44783592224121,9.811210004151416e-12,109.06793212890625
4FGL J1617.9-7718,fsrq,39.67814254760742,1.9888967209280572e-11,545.9884643554688
4FGL J1618.0+5139,fsrq,8.054856300354004,2.2696258934751246e-12,111.19320678710938
4FGL J1621.7-1103,bcu,9.292265892028809,4.392431730837476e-12,102.07295227050781
4FGL J1625.7-2527,fsrq,46.05979919433594,3.950275176411999e-11,1850.370361328125
4FGL J1626.0-2950,FSRQ,45.13493728637695,3.412131341362645e-11,610.1714477539062
4FGL J1628.6+7706,bll,48.642189025878906,1.0317920996760765e-11,253.63507080078125
4FGL J1628.8-6149,fsrq,16.401927947998047,1.0256922915174993e-11,108.03744506835938
4FGL J1630.7+5221,bll,58.748085021972656,1.467914852171237e-11,165.45169067382812
4FGL J1632.8-1048,bcu,10.028018951416016,7.502789188540415e-12,159.34681701660156
4FGL J1635.2+3808,FSRQ,173.67652893066406,1.2933749904409098e-10,10882.5576171875
4FGL J1635.6+3628,fsrq,11.388399124145508,4.0184236146934005e-12,226.5565185546875
4FGL J1637.7+4717,fsrq,41.690792083740234,1.137262593126076e-11,867.705810546875
4FGL J1638.1+5721,fsrq,24.577503204345703,6.600229043862704e-12,102.424560546875
4FGL J1639.2+4129,fsrq,16.15114402770996,3.174273994696608e-12,111.70046997070312
4FGL J1640.4+3945,FSRQ,40.333370208740234,2.315353291038047e-11,475.84600830078125
4FGL J1641.9-0621,bll,24.497997283935547,1.3648901453500173e-11,167.60861206054688
4FGL J1642.9+3948,FSRQ,64.95604705810547,3.648847543558098e-11,685.8380126953125
4FGL J1645.6+6329,fsrq,26.301122665405273,5.8209964626243504e-12,169.0832977294922
4FGL J1647.5+4950,bll,49.66611099243164,1.4542853032928349e-11,126.9262466430664
4FGL J1648.2+4232,bcu,27.80956268310547,6.330282218552918e-12,242.47726440429688
4FGL J1649.4+5235,bll,40.157161712646484,9.408178229530773e-12,223.973876953125
4FGL J1650.3-5045,bll,42.2088623046875,3.4986326336028384e-11,351.87646484375
4FGL J1653.8+3945,BLL,186.86383056640625,1.177035274801952e-10,704.1760864257812
4FGL J1656.3-3301,fsrq,15.724507331848145,1.4977609430477656e-11,157.86981201171875
4FGL J1657.7+4808,fsrq,59.45079040527344,1.818616611470869e-11,702.406494140625
4FGL J1659.7-3131,bcu,24.502222061157227,1.6164193247791836e-11,123.52654266357422
4FGL J1700.0+6830,fsrq,122.02407836914062,4.2790892357258414e-11,2930.400634765625
4FGL J1703.6-6213,fsrq,47.303165435791016,2.441116579710023e-11,659.5299072265625
4FGL J1704.1+7647,bcu,31.385196685791016,8.130744341694474e-12,405.5929260253906
4FGL J1708.2+5519,,12.366354942321777,2.774499163402111e-12,118.53829193115234
4FGL J1709.7+4318,fsrq,63.2508659362793,1.899576849984097e-11,2310.849365234375
4FGL J1716.1+6836,fsrq,25.100425720214844,6.395316134305551e-12,102.98456573486328
4FGL J1717.5-3342,bll,20.246253967285156,2.591453440725644e-11,257.5106506347656
4FGL J1717.6-5154,fsrq,18.794525146484375,1.0805303700400781e-11,503.75323486328125
4FGL J1719.2+1745,bll,46.329349517822266,1.477682039230377e-11,1457.401123046875
4FGL J1722.7+1014,fsrq,29.250694274902344,1.1639200020452378e-11,137.4248504638672
4FGL J1723.6-7714,bcu,71.1240463256836,3.046596308564631e-11,1300.06591796875
4FGL J1724.2+4005,fsrq,30.6058349609375,9.137262994840523e-12,434.3839416503906
4FGL J1727.4+4530,fsrq,80.08853912353516,2.9400995527062435e-11,1218.952880859375
4FGL J1728.0+1216,fsrq,17.80770492553711,9.013882522335148e-12,111.0958023071289
4FGL J1728.3+5013,bll,64.90748596191406,1.9306427984089325e-11,200.2408447265625
4FGL J1730.6+0024,fsrq,23.54686164855957,9.693613099714948e-12,410.79510498046875
4FGL J1733.0-1305,FSRQ,65.69288635253906,5.3930922228051514e-11,1229.1700439453125
4FGL J1734.3+3858,fsrq,73.00897216796875,2.6997105939674526e-11,1617.44580078125
4FGL J1738.0+8717,bcu,9.059844970703125,1.923127889574827e-12,285.3479919433594
4FGL J1739.5+4955,fsrq,38.64519500732422,1.0531272902347677e-11,284.1614990234375
4FGL J1740.5+5211,fsrq,71.72549438476562,2.5598407074611806e-11,1218.9609375
4FGL J1746.8-5235,bcu,12.667715072631836,5.891488252113275e-12,244.67945861816406
4FGL J1748.6+7005,bll,123.47651672363281,4.408729631366626e-11,489.20220947265625
4FGL J1750.3-0644,NOV,6.497474193572998,2.553064964300189e-12,525.39111328125
4FGL J1751.5+0938,bll,89.5759048461914,5.366510014148673e-11,1069.4337158203125
4FGL J1751.6+2921,bcu,9.108478546142578,2.606631056834008e-12,200.45741271972656
4FGL J1753.6-5014,bcu,15.758481979370117,7.378534415403148e-12,257.9422607421875
4FGL J1753.7+2847,fsrq,10.683910369873047,3.5773812297884566e-12,108.03190612792969
4FGL J1754.2+3212,bll,63.182254791259766,1.9503943599064044e-11,566.871337890625
4FGL J1759.1-4822,bcu,15.671733856201172,6.167474517204674e-12,222.0718994140625
4FGL J1800.6+7828,bll,182.90518188476562,7.798700574213058e-11,4267.82373046875
4FGL J1801.5+4404,fsrq,53.71764373779297,1.738608389201257e-11,1609.57373046875
4FGL J1802.6-3940,fsrq,58.34714889526367,3.9947871399714785e-11,3046.66796875
4FGL J1806.8+6949,bll,91.64761352539062,3.286176539218921e-11,265.0567932128906
4FGL J1808.2+3500,bll,20.01078224182129,6.803007809863537e-12,105.68312072753906
4FGL J1813.5+3144,bll,45.48728561401367,2.2223261425535767e-11,493.29217529296875
4FGL J1816.9-4942,fsrq,27.63599967956543,1.105165958747989e-11,314.0015869140625
4FGL J1818.6+0903,fsrq,23.433246612548828,1.1861349576147706e-11,145.95497131347656
4FGL J1821.6+6819,bcu,34.90378189086914,1.1076132198917232e-11,721.2131958007812
4FGL J1823.5+6858,bll,34.716064453125,8.77184262726427e-12,173.7560272216797
4FGL J1824.1+5651,bll,63.927642822265625,2.157585048123689e-11,305.0343322753906
4FGL J1825.1-5231,bcu,24.238388061523438,9.323920108217365e-12,421.6089172363281
4FGL J1829.2-5813,fsrq,72.46808624267578,4.108195728047548e-11,3101.115234375
4FGL J1829.5+4845,css,53.16320037841797,1.9018881955434885e-11,128.6927032470703
4FGL J1830.1+0617,fsrq,11.444272994995117,8.627993285104107e-12,245.8678741455078
4FGL J1830.2-4443,bcu,21.954357147216797,9.65918230816376e-12,430.0187683105469
4FGL J1833.6-2103,FSRQ,203.5869598388672,3.4739761067825725e-10,37330.15234375
4FGL J1838.8+4802,bll,77.46250915527344,2.6916057924153414e-11,267.84979248046875
4FGL J1840.6-5545,bcu,7.9882097244262695,2.901542287686576e-12,141.2489471435547
4FGL J1848.4+3217,FSRQ,33.96845245361328,1.5786040877263652e-11,768.02490234375
4FGL J1848.5+3243,fsrq,30.873260498046875,1.9093056996544178e-11,777.028076171875
4FGL J1849.2+6705,FSRQ,80.52445220947266,3.387101363272471e-11,2557.617919921875
4FGL J1852.4+4856,fsrq,36.84550857543945,1.0336492078932835e-11,614.1238403320312
4FGL J1855.4+7350,fsrq,10.51196575164795,4.1392145787300105e-12,133.4232177734375
4FGL J1902.8+3201,fsrq,21.60015296936035,9.69362957958797e-12,461.9833984375
4FGL J1902.9-6748,fsrq,67.46013641357422,2.423749569102629e-11,1177.688232421875
4FGL J1903.2+5540,bll,109.41742706298828,3.896248254586787e-11,100.67292022705078
4FGL J1911.2-2006,fsrq,62.684200286865234,4.5252326191791425e-11,765.760498046875
4FGL J1912.1-0803,bcu,22.874544143676758,1.6750229675510653e-11,136.74600219726562
4FGL J1913.0-8009,fsrq,38.86058044433594,1.55344782176714e-11,522.8455200195312
4FGL J1918.2-4111,bll,58.45857620239258,2.3622749589780057e-11,117.68854522705078
4FGL J1923.5-2104,fsrq,40.971187591552734,1.6175520992089965e-11,2029.2921142578125
4FGL J1924.8-2914,fsrq,42.44820022583008,2.072517504836391e-11,298.59527587890625
4FGL J1925.7+1227,bcu,9.985257148742676,1.125970844340074e-11,119.76203918457031
4FGL J1934.3+6541,fsrq,15.597779273986816,6.083196446571293e-12,436.19439697265625
4FGL J1939.5-1525,fsrq,8.721325874328613,3.225334929690682e-12,107.51979064941406
4FGL J1941.3-6210,bll,77.786376953125,3.4546223520726116e-11,1299.9593505859375
4FGL J1945.1-4007,bcu,12.014945983886719,3.062387366262187e-12,103.85270690917969
4FGL J1954.6-1122,bll,26.21012306213379,1.3380151153707942e-11,210.82176208496094
4FGL J1955.2+1358,fsrq,16.24464225769043,7.573702082153133e-12,210.4668426513672
4FGL J1955.4+5132,fsrq,26.252704620361328,1.0665826728761818e-11,159.75820922851562
4FGL J1958.0-3845,fsrq,108.02427673339844,5.721684931403459e-11,6701.89501953125
4FGL J1959.1-4247,fsrq,20.117359161376953,6.1941406864773896e-12,481.61761474609375
4FGL J2000.0+6508,bll,180.3318328857422,1.0497127472808288e-10,1637.4388427734375
4FGL J2000.9-1748,fsrq,46.636375427246094,2.353297244572783e-11,601.4178466796875
4FGL J2001.2+4353,bll,60.96585464477539,3.116682606441046e-11,1443.343505859375
4FGL J2005.5+7752,bll,63.94465637207031,2.139857561977987e-11,623.4765014648438
4FGL J2005.9-2309,fsrq,27.518983840942383,1.2332698230699268e-11,319.8807373046875
4FGL J2007.2+6607,fsrq,18.784753799438477,6.619316639949746e-12,181.72683715820312
4FGL J2007.9-4432,nlsy1,31.63140296936035,1.1694112692084424e-11,750.485595703125
4FGL J2009.4-4849,BLL,75.73704528808594,3.2140005934433447e-11,178.54335021972656
4FGL J2010.0+7229,bll,45.36776351928711,1.4242902864058937e-11,117.51962280273438
4FGL J2010.2-2523,fsrq,0.47493380308151245,6.831169202352327e-13,119.51795196533203
4FGL J2012.0+4629,bll,78.69911193847656,4.622205743154417e-11,570.5496215820312
4FGL J2012.2-1646,bll,14.068282127380371,6.4964682938706275e-12,107.27051544189453
4FGL J2015.5+3710,FSRQ,28.320823669433594,7.223600884120884e-11,267.6017761230469
4FGL J2021.5+4026,PSR,145.66058349609375,8.165254028469349e-10,296.01068115234375
4FGL J2022.5+7612,bll,39.12260818481445,1.312318569784976e-11,122.8125
4FGL J2024.6-3252,fsrq,21.25046730041504,8.277676287471447e-12,128.8207550048828
4FGL J2025.2+0317,fsrq,26.999588012695312,8.841808361859105e-12,111.4764404296875
4FGL J2025.3+3341,bll,18.32630729675293,2.8329893986267507e-11,144.05247497558594
4FGL J2025.6-0735,fsrq,141.77130126953125,8.97933116750238e-11,4088.863525390625
4FGL J2029.5+4925,bll,25.115232467651367,1.4285610888675748e-11,166.63772583007812
4FGL J2031.2-4121,bcu,6.848751544952393,1.6498201459505535e-12,154.24351501464844
4FGL J2032.4+4056,HMB,20.634828567504883,6.116328277183669e-11,361.2449951171875
4FGL J2034.6+1154,fsrq,22.001745223999023,1.0445446591011986e-11,257.2129821777344
4FGL J2035.4+1056,fsrq,69.15526580810547,4.000673750614858e-11,3393.608154296875
4FGL J2038.7+5117,fsrq,22.96651840209961,1.7925789325135e-11,158.92794799804688
4FGL J2050.4-2627,fsrq,15.982144355773926,4.579590179298876e-12,140.55189514160156
4FGL J2052.2-5533,bcu,49.1889762878418,1.693238778355255e-11,1394.4686279296875
4FGL J2056.2-4714,fsrq,125.05174255371094,6.82310805077968e-11,3081.829345703125
4FGL J2104.0-3546,bcu,24.31407928466797,8.19871687901541e-12,273.636474609375
4FGL J2110.3+0808,fsrq,11.747745513916016,5.936080620105866e-12,112.60369110107422
4FGL J2113.9+1120,bcu,12.842700958251953,4.599947592970333e-12,167.35850524902344
4FGL J2115.4+2932,fsrq,69.0725326538086,3.5557303629252246e-11,933.456787109375
4FGL J2116.2+3339,bll,71.35943603515625,2.9204617890687956e-11,212.09747314453125
4FGL J2119.6-1105,fsrq,12.608109474182129,4.163839845833239e-12,160.506591796875
4FGL J2126.3-4605,FSRQ,28.05992889404297,1.0252915703945487e-11,634.3701171875
4FGL J2130.4-4241,bcu,6.67434549331665,2.5571977261412693e-12,221.2168731689453
4FGL J2134.2-0154,bll,35.442535400390625,1.1716835834896244e-11,140.8219757080078
4FGL J2135.3-5006,fsrq,23.322925567626953,6.976294542049288e-12,111.8437728881836
4FGL J2136.2+0032,fsrq,20.502647399902344,8.740714749211342e-12,303.5600280761719
4FGL J2136.5+4259,bcu,10.738797187805176,7.32454548402206e-12,249.31240844726562
4FGL J2139.4-4235,bll,109.46046447753906,5.3514508796537186e-11,932.0297241210938
4FGL J2141.7-6410,bcu,67.2718276977539,2.3034888232964512e-11,2249.116455078125
4FGL J2142.5-2552,bcu,21.974750518798828,5.428265909684926e-12,142.43939208984375
4FGL J2143.5+1743,fsrq,86.3401107788086,4.9797027612541456e-11,2051.717041015625
4FGL J2145.0-3356,fsrq,40.70901107788086,1.2231379103999629e-11,385.4751281738281
4FGL J2147.1+0931,FSRQ,42.01817321777344,2.1098452845924598e-11,700.6412353515625
4FGL J2147.3-7536,FSRQ,77.78218841552734,3.899599046452984e-11,4073.615234375
4FGL J2151.8-3027,fsrq,44.39916229248047,2.35247064883648e-11,1403.6055908203125
4FGL J2155.2+2249,fsrq,10.207195281982422,3.949177356660227e-12,136.2186279296875
4FGL J2157.5+3127,fsrq,54.99201583862305,2.0961329894042535e-11,2223.269775390625
4FGL J2158.8-3013,bll,248.35108947753906,2.002759763586326e-10,1061.2808837890625
4FGL J2201.5-8339,fsrq,45.617191314697266,2.0253082197441152e-11,565.3733520507812
4FGL J2201.8+5048,fsrq,48.70293426513672,3.4443541768736097e-11,4187.40478515625
4FGL J2202.7+4216,BLL,343.1848449707031,4.043943235831904e-10,25730.7109375
4FGL J2203.4+1725,fsrq,57.27550506591797,2.2044028061274368e-11,1531.7047119140625
4FGL J2206.8-0032,bll,26.825664520263672,8.846285683150601e-12,110.74276733398438
4FGL J2207.5-5346,fsrq,32.278263092041016,9.06371765835301e-12,103.26193237304688
4FGL J2211.2-1325,fsrq,21.69386100769043,8.436769512176756e-12,282.74139404296875
4FGL J2219.2+1806,fsrq,38.36262512207031,1.2197277909908877e-11,602.8037719726562
4FGL J2219.2-0342,fsrq,17.944091796875,8.16860815100462e-12,224.43553161621094
4FGL J2225.7-0457,fsrq,28.976144790649414,1.0663356482532027e-11,283.96392822265625
4FGL J2229.7-0832,FSRQ,65.86334228515625,3.551163182957673e-11,1070.6220703125
4FGL J2231.0-4416,fsrq,27.095077514648438,7.174817164001812e-12,294.04730224609375
4FGL J2232.6+1143,FSRQ,340.5993347167969,3.740159848497626e-10,89796.515625
4FGL J2234.1-2656,bll,37.56462860107422,1.0770044578389815e-11,204.20379638671875
4FGL J2235.3-4836,fsrq,30.637462615966797,8.614427747521969e-12,220.87876892089844
4FGL J2236.3+2828,fsrq,114.70223236083984,5.4138117600022184e-11,1281.39697265625
4FGL J2236.5-1433,BLL,114.04195404052734,5.380498477314255e-11,1889.905029296875
4FGL J2237.0-3921,fsrq,17.23257064819336,4.05495342165052e-12,197.87820434570312
4FGL J2243.9+2021,bll,96.01146697998047,4.232824507566235e-11,163.04217529296875
4FGL J2244.2+4057,fsrq,93.55900573730469,4.66280798694374e-11,5494.86669921875
4FGL J2248.7-3235,fsrq,21.403579711914062,7.503256696517191e-12,210.731689453125
4FGL J2248.9+2107,fsrq,57.834228515625,2.111380167924004e-11,2436.167236328125
4FGL J2249.4-1300,bll,6.1305646896362305,9.20821491973145e-12,171.7717742919922
4FGL J2250.0-1250,bcu,64.16767120361328,8.928206091107782e-11,9390.103515625
4FGL J2250.7-2806,bll,55.20534133911133,1.7980431379904793e-11,879.4548950195312
4FGL J2251.5-4928,bll,24.77121353149414,5.1117794892807655e-12,110.95036315917969
4FGL J2253.9+1609,FSRQ,448.02447509765625,7.374152399819422e-10,96038.0625
4FGL J2257.5+0748,bll,11.080721855163574,3.471448172323588e-12,116.8416976928711
4FGL J2258.1-2759,fsrq,68.32747650146484,3.760178973744033e-11,1482.9110107421875
4FGL J2301.0-0158,fsrq,52.096710205078125,1.944237652817815e-11,1108.32373046875
4FGL J2311.0+0205,bll,22.293560028076172,6.0256261785740506e-12,195.09320068359375
4FGL J2311.0+3425,FSRQ,95.33425903320312,4.126770453138917e-11,2648.036865234375
4FGL J2313.5+3945,bcu,14.714166641235352,5.835064636333653e-12,134.78564453125
4FGL J2321.7-6438,bll,25.691606521606445,5.768358447150179e-12,209.17764282226562
4FGL J2321.9+3204,fsrq,60.02910232543945,2.28363612742033e-11,1460.8876953125
4FGL J2321.9+2734,fsrq,36.1024284362793,1.3129054267368989e-11,389.68853759765625
4FGL J2323.5-0317,fsrq,83.66859436035156,3.552275140705774e-11,1106.4971923828125
4FGL J2323.6-0617,fsrq,17.324966430664062,4.537787246655656e-12,210.9839324951172
4FGL J2324.7-4041,bll,39.58121109008789,1.1522447058986973e-11,102.61760711669922
4FGL J2325.2+3957,bll,41.13960647583008,1.2049746617170953e-11,104.49850463867188
4FGL J2325.4-4800,bll,49.920806884765625,1.4825078664681968e-11,246.88864135742188
4FGL J2325.4-3559,fsrq,52.31121826171875,1.3845239191234704e-11,189.21405029296875
4FGL J2326.2+0113,bcu,14.219698905944824,3.963559515318682e-12,104.27230834960938
4FGL J2327.5+0939,fsrq,36.31159591674805,1.7879418431898664e-11,425.44140625
4FGL J2328.3-4036,fsrq,43.38370132446289,1.6823894707918008e-11,477.2779846191406
4FGL J2329.3-4955,FSRQ,175.23329162597656,8.760083630710014e-11,18326.220703125
4FGL J2331.0-2147,fsrq,40.124595642089844,1.5730288599469233e-11,427.2337341308594
4FGL J2334.8+1432,bll,27.66436004638672,7.435948558287553e-12,126.46772766113281
4FGL J2336.6-4115,fsrq,27.122594833374023,6.884343355800793e-12,182.7722930908203
4FGL J2338.0-0230,fsrq,26.362897872924805,9.417939518530094e-12,171.5384979248047
4FGL J2345.2-1555,FSRQ,123.66214752197266,6.63051002991466e-11,4658.10791015625
4FGL J2348.0-1630,fsrq,92.98179626464844,4.973264508545405e-11,2053.048828125
4FGL J2357.8-5311,fsrq,15.784175872802734,5.796820055220531e-12,244.1449432373047
4FGL J2358.3-1021,fsrq,27.282712936401367,8.84820515467677e-12,226.77685546875
