GRB,Date,Redshift,Photon_Count,Energy_Range,Pearson_r,Pearson_p,Pearson_sigma,Spearman_r,Spearman_p,Spearman_sigma,RANSAC_slope,RANSAC_inliers,Permutation_p,E_QG_estimate,E_QG_Planck_ratio,Significance_Class,Has_QG_Effect,Phase_Transitions,Analysis_Time
GRB20180101A,2018-01-01,1.6195885254392806,1563,80.59-97919.91 GeV,0.051055194145981156,0.04357480854826249,2.0197989665988394,0.04648789093529609,0.06614906047696978,1.8387008845731236,0.16683575586056593,769,0.0225,1.570160132596887e+17,0.012870165021285958,Marginal,True,"[{'time_segment': 4, 'correlation': -0.01848965815532955, 'photon_count': 1542}, {'time_segment': 5, 'correlation': 0.7367161194273087, 'photon_count': 16}]",2025-10-21 21:53:52
GRB20180202B,2018-02-02,0.17841433780348415,4277,129.49-97203.58 GeV,-0.023012844021141655,0.13238291153791026,1.5050585078656702,-0.00208946988544847,0.8913398770930626,0.1366171193712216,-4.1510714788189156e-05,2146,0.1385,2.8388196729842215e+20,23.269013712985423,None,False,"[{'time_segment': 0, 'correlation': 0.06174621782313201, 'photon_count': 391}, {'time_segment': 1, 'correlation': 0.014068757855639918, 'photon_count': 405}, {'time_segment': 2, 'correlation': -0.01217677176291555, 'photon_count': 455}, {'time_segment': 3, 'correlation': 0.03281748336770837, 'photon_count': 453}, {'time_segment': 4, 'correlation': -0.06221430503533722, 'photon_count': 465}, {'time_segment': 5, 'correlation': 0.04099289859937918, 'photon_count': 427}, {'time_segment': 6, 'correlation': 0.07110924570472839, 'photon_count': 445}, {'time_segment': 7, 'correlation': 0.03744830381430157, 'photon_count': 440}, {'time_segment': 8, 'correlation': 0.020286286254491345, 'photon_count': 383}, {'time_segment': 9, 'correlation': -0.08616283125177451, 'photon_count': 412}]",2025-10-21 21:53:57
GRB20180303C,2018-03-03,2.224434970087127,1522,83.55-251462.32 GeV,0.9732745617194333,0.0,165.23459859573688,0.053794839763668806,0.03586244754821554,2.100350247644543,-0.060851509902912916,782,0.0007,5.298857785503817e+17,0.04343326053691653,Strong,True,"[{'time_segment': 0, 'correlation': -0.11508875531009735, 'photon_count': 1520}]",2025-10-21 21:54:00
GRB20180404D,2018-04-04,1.502156388963674,4293,241.03-117757.54 GeV,-0.004023058390516447,0.7921505276754662,0.2635354890187594,0.01684816944538412,0.26973822976586675,1.1038082285129864,0.0014227969421992325,2176,0.811,1.7586180534631064e+19,1.4414902077566445,None,False,"[{'time_segment': 0, 'correlation': -0.018387325884778857, 'photon_count': 400}, {'time_segment': 1, 'correlation': -0.03425117728478121, 'photon_count': 463}, {'time_segment': 2, 'correlation': 0.06857154250214435, 'photon_count': 435}, {'time_segment': 3, 'correlation': -0.0502302681163696, 'photon_count': 410}, {'time_segment': 4, 'correlation': 0.05299218252204342, 'photon_count': 468}, {'time_segment': 5, 'correlation': -0.07054578216548375, 'photon_count': 415}, {'time_segment': 6, 'correlation': 0.0013752707958919485, 'photon_count': 427}, {'time_segment': 7, 'correlation': 0.03411959518893589, 'photon_count': 461}, {'time_segment': 8, 'correlation': 0.029179499517650795, 'photon_count': 390}, {'time_segment': 9, 'correlation': 0.022227882007542454, 'photon_count': 423}]",2025-10-21 21:54:04
GRB20180505E,2018-05-05,3.168760730264007,2604,61.30-981166851099.86 GeV,-0.9999844591063075,0.0,inf,0.12480620039926894,1.650964275111763e-10,6.416509489575452,0.0938880126529974,1302,0.0001,4.440141624545205e+17,0.03639460347987873,Strong,True,"[{'time_segment': 9, 'correlation': 0.5349295359414008, 'photon_count': 2602}]",2025-10-21 21:54:07
GRB20180606F,2018-06-06,1.0490549946451697,4865,87.54-35274.04 GeV,-0.021509059082388513,0.1336052744924266,1.5002859130057906,0.003667495657294288,0.7981505986793833,0.2557553126493455,-0.004671123808019956,2447,0.1378,4.3866424416477716e+18,0.35956085587276815,None,False,"[{'time_segment': 0, 'correlation': 0.00565540740224646, 'photon_count': 502}, {'time_segment': 1, 'correlation': 0.010240481797331497, 'photon_count': 499}, {'time_segment': 2, 'correlation': 0.0658309506954708, 'photon_count': 478}, {'time_segment': 3, 'correlation': 0.042661668545970075, 'photon_count': 455}, {'time_segment': 4, 'correlation': -0.043255571727543074, 'photon_count': 522}, {'time_segment': 5, 'correlation': -0.0714077404154367, 'photon_count': 485}, {'time_segment': 6, 'correlation': -0.054420127313626214, 'photon_count': 469}, {'time_segment': 7, 'correlation': 0.058436467802164146, 'photon_count': 501}, {'time_segment': 8, 'correlation': -0.01026042010617125, 'photon_count': 466}, {'time_segment': 9, 'correlation': 0.04436864045925791, 'photon_count': 487}]",2025-10-21 21:54:14
GRB20180707G,2018-07-07,0.5420899913108215,555,139.29-6579626.23 GeV,0.04133440537211394,0.3310535310832929,0.9728493219274965,0.03168886102943189,0.45624509153337856,0.7455681737440584,1.4416125419829445e-05,280,0.3614,1.069697957253944e+21,87.68016043065116,None,False,"[{'time_segment': 0, 'correlation': 0.2604284104539467, 'photon_count': 54}, {'time_segment': 1, 'correlation': 0.14682040887216205, 'photon_count': 52}, {'time_segment': 2, 'correlation': -0.1379693876710996, 'photon_count': 51}, {'time_segment': 3, 'correlation': 0.11525666153930506, 'photon_count': 57}, {'time_segment': 4, 'correlation': -0.14204600742054585, 'photon_count': 57}, {'time_segment': 5, 'correlation': 0.13401859380504935, 'photon_count': 59}, {'time_segment': 6, 'correlation': 0.20804885434675963, 'photon_count': 57}, {'time_segment': 7, 'correlation': 0.09475776544197591, 'photon_count': 50}, {'time_segment': 8, 'correlation': -0.10887027086096882, 'photon_count': 64}, {'time_segment': 9, 'correlation': 0.12294349600874793, 'photon_count': 53}]",2025-10-21 21:54:18
GRB20180808H,2018-08-08,1.26362155183439,4593,222.29-2951145.28 GeV,-0.6149550463848021,0.0,52.83978954584187,0.002403638771351417,0.870632978007994,0.16286362672332852,0.013329494573725599,2311,0.0003,1.6982050889583785e+18,0.13919713843921136,Strong,True,"[{'time_segment': 7, 'correlation': 0.03573777367971468, 'photon_count': 4575}]",2025-10-21 21:54:22
GRB20180909I,2018-09-09,3.4262300057861936,3426,189.08-742191.67 GeV,-0.018367051989889128,0.2824824566711969,1.0749285552752594,-0.011410569113227223,0.5043494180706706,0.6677324133745925,-0.000782471849067896,1729,0.3216,5.6567274734022074e+19,4.6366618634444325,None,False,"[{'time_segment': 0, 'correlation': 0.053537443034489575, 'photon_count': 335}, {'time_segment': 1, 'correlation': -0.0829515668882814, 'photon_count': 344}, {'time_segment': 2, 'correlation': -0.020547962611649546, 'photon_count': 359}, {'time_segment': 3, 'correlation': -0.0018846446722929808, 'photon_count': 322}, {'time_segment': 4, 'correlation': 0.00019218983536487292, 'photon_count': 350}, {'time_segment': 5, 'correlation': 0.004393447626303378, 'photon_count': 298}, {'time_segment': 6, 'correlation': -0.04042379192618235, 'photon_count': 363}, {'time_segment': 7, 'correlation': 0.026764311654125728, 'photon_count': 346}, {'time_segment': 8, 'correlation': -0.02084502193163997, 'photon_count': 318}, {'time_segment': 9, 'correlation': 0.023516117658007547, 'photon_count': 390}]",2025-10-21 21:54:27
GRB20181010J,2018-10-10,1.558137858822476,2950,40.34-2821015.39 GeV,0.982048070833212,0.0,282.6726769847991,0.009647304172658246,0.600436535328734,0.5238294635110108,0.07740860353480483,1510,0.0,3.3047203308250784e+17,0.027087871564139988,Strong,True,"[{'time_segment': 0, 'correlation': -0.6031155726580569, 'photon_count': 2938}, {'time_segment': 1, 'correlation': 0.9534565260260863, 'photon_count': 11}]",2025-10-21 21:54:31
GRB20181111K,2018-11-11,2.5556464518329842,4785,22.94-1281513297.52 GeV,0.00747767231580262,0.605065197954218,0.5171645675036513,-0.0036781231825999453,0.7992145487650227,0.2543779119337885,9.671248857291501e-09,2397,0.6973,3.67651221088397e+24,301353.45990852214,None,False,"[{'time_segment': 0, 'correlation': -0.08129653267355684, 'photon_count': 478}, {'time_segment': 1, 'correlation': 0.007899935024755866, 'photon_count': 485}, {'time_segment': 2, 'correlation': 0.04728562225268513, 'photon_count': 453}, {'time_segment': 3, 'correlation': 0.054558156623270446, 'photon_count': 503}, {'time_segment': 4, 'correlation': 0.06830213334274421, 'photon_count': 489}, {'time_segment': 5, 'correlation': -0.03219576611671639, 'photon_count': 451}, {'time_segment': 6, 'correlation': -0.013601068152607065, 'photon_count': 499}, {'time_segment': 7, 'correlation': -0.015658840912298796, 'photon_count': 475}, {'time_segment': 8, 'correlation': -0.05324171320605039, 'photon_count': 486}, {'time_segment': 9, 'correlation': 0.006879178717392223, 'photon_count': 465}]",2025-10-21 21:54:36
GRB20181212L,2018-12-12,1.013358469115402,3589,19.91-1550317.65 GeV,-0.9928126182397139,0.0,496.83752281444026,0.027970183086429345,0.09385790365178026,1.6758337983027531,-0.049814568935994556,1811,0.0,4.041706095464389e+17,0.033128738487413024,Strong,True,"[{'time_segment': 9, 'correlation': -0.057707082912912766, 'photon_count': 3587}]",2025-10-21 21:54:40
GRB20180113M,2018-01-13,3.0686617891376904,4758,108.20-18532243.65 GeV,0.08180335070185529,1.598497863357666e-08,5.660437545657671,-0.021288989383488652,0.1420341715902505,1.4685015402769457,0.05359790236967624,2396,0.0026,7.591083996301306e+17,0.062221999969682834,Strong,True,"[{'time_segment': 4, 'correlation': -0.18430653985621612, 'photon_count': 4750}]",2025-10-21 21:54:45
GRB20180214N,2018-02-14,3.1450041309080627,4481,70.00-57866.92 GeV,-0.16935468217250552,3.4772552010994244e-30,11.500237230478566,-0.03567255373925538,0.0169392245251788,2.3889179554652578,-0.02207491540504259,2263,0.0001,1.8776987611745124e+18,0.153909734522501,Strong,True,"[{'time_segment': 6, 'correlation': -0.22256862803355784, 'photon_count': 1159}, {'time_segment': 7, 'correlation': -0.014149913184023203, 'photon_count': 3299}, {'time_segment': 8, 'correlation': 0.38759024938161324, 'photon_count': 15}]",2025-10-21 21:54:50
GRB20180315O,2018-03-15,2.224774173887334,4563,184.40-1089137.05 GeV,-0.23726024463170395,2.052890619837553e-59,16.494391145053534,-0.0023054107584811294,0.8762789608793857,0.1556967351298301,0.040117685740807145,2280,0.0004,8.03828564469545e+17,0.06588758725160204,Strong,True,"[{'time_segment': 5, 'correlation': 0.02178958076852588, 'photon_count': 4553}]",2025-10-21 21:54:55
GRB20190416P,2019-04-16,3.2242444096676395,3190,134.15-95456.11 GeV,-0.4092981415470871,4.0658577504140423e-129,25.328724536731603,-9.048992966348112e-05,0.9959237245512114,0.005109276531067399,0.009611456520163196,1601,0.0,4.3950096437578373e+18,0.3602466921112981,Strong,True,"[{'time_segment': 4, 'correlation': -0.36820080809759964, 'photon_count': 2606}, {'time_segment': 5, 'correlation': 0.7572736345556708, 'photon_count': 572}]",2025-10-21 21:55:00
GRB20190517Q,2019-05-17,2.105213222760026,312,24.44-39908.83 GeV,-0.6547984216361629,1.3955199465854451e-39,15.253852248842678,0.1532135770499084,0.006698845424201063,2.7298342764097883,-0.12178658289586758,158,0.0023,2.5497170122714653e+17,0.020899319772716928,Strong,True,"[{'time_segment': 7, 'correlation': 0.13667563198018068, 'photon_count': 112}, {'time_segment': 8, 'correlation': 0.033403605028916095, 'photon_count': 195}]",2025-10-21 21:55:04
GRB20190618R,2019-06-18,0.2051272855484189,3747,83.01-215548.43 GeV,-0.020540368644293847,0.2087371890382205,1.2572619725690506,0.01624101798360331,0.3202758795875489,0.99402302184024,-0.00026301343777181753,1878,0.213,4.58199891137863e+19,3.7557368126054347,None,False,"[{'time_segment': 0, 'correlation': 0.057648527058808796, 'photon_count': 399}, {'time_segment': 1, 'correlation': -0.01574357906554865, 'photon_count': 400}, {'time_segment': 2, 'correlation': -0.04558848863834422, 'photon_count': 349}, {'time_segment': 3, 'correlation': -0.04309521937287009, 'photon_count': 383}, {'time_segment': 4, 'correlation': 0.0693946366292911, 'photon_count': 360}, {'time_segment': 5, 'correlation': -0.02658231475647697, 'photon_count': 364}, {'time_segment': 6, 'correlation': 0.0679392591234483, 'photon_count': 368}, {'time_segment': 7, 'correlation': -0.062137994630990116, 'photon_count': 372}, {'time_segment': 8, 'correlation': -0.0469278038326057, 'photon_count': 383}, {'time_segment': 9, 'correlation': 0.0393000281026068, 'photon_count': 368}]",2025-10-21 21:55:13
GRB20190719S,2019-07-19,1.054284538363387,3551,130.85-677620.74 GeV,-0.01807492137749648,0.2815704519643449,1.0769619777143367,-0.023201501434800126,0.16688483249875766,1.3825664498376786,-0.0004128974764292248,1791,0.3505,4.975289643639936e+19,4.0781062652786355,None,False,"[{'time_segment': 0, 'correlation': 0.07185743766921483, 'photon_count': 362}, {'time_segment': 1, 'correlation': 0.0071374579246146815, 'photon_count': 376}, {'time_segment': 2, 'correlation': -0.02116447681880159, 'photon_count': 370}, {'time_segment': 3, 'correlation': -0.01890080331288286, 'photon_count': 347}, {'time_segment': 4, 'correlation': -0.0496330169784234, 'photon_count': 330}, {'time_segment': 5, 'correlation': 0.08185074035541504, 'photon_count': 317}, {'time_segment': 6, 'correlation': -0.010475214818548424, 'photon_count': 376}, {'time_segment': 7, 'correlation': 0.02503623682991301, 'photon_count': 343}, {'time_segment': 8, 'correlation': 0.058300630764799286, 'photon_count': 378}, {'time_segment': 9, 'correlation': -0.012159702974760548, 'photon_count': 351}]",2025-10-21 21:55:20
GRB20190820T,2019-08-20,2.4591549049258847,189,53.07-17203778.49 GeV,-0.05267182368117759,0.4716395583164109,0.7212775785688276,-0.08334133205353811,0.2542289511983928,1.1436542801138732,-6.260825249062633e-06,96,0.5318,5.525078192277907e+21,452.8752616621235,None,False,"[{'time_segment': 0, 'correlation': -0.09450953512985055, 'photon_count': 19}, {'time_segment': 1, 'correlation': -0.0672891750187568, 'photon_count': 13}, {'time_segment': 2, 'correlation': 0.2339540498225874, 'photon_count': 24}, {'time_segment': 3, 'correlation': -0.3132622314531417, 'photon_count': 25}, {'time_segment': 4, 'correlation': -0.3346907650345142, 'photon_count': 18}, {'time_segment': 5, 'correlation': -0.17785307092806343, 'photon_count': 25}, {'time_segment': 6, 'correlation': -0.054798237216144616, 'photon_count': 17}, {'time_segment': 8, 'correlation': 0.07130936184908965, 'photon_count': 19}, {'time_segment': 9, 'correlation': 0.13941762606923913, 'photon_count': 18}]",2025-10-21 21:55:23
GRB20190921U,2019-09-21,1.7850563368181107,1488,126.09-208475.42 GeV,-0.05493761842111542,0.034089092182858216,2.120975273366027,-0.02801127467464183,0.2802189451927701,1.080221269676686,-0.0004520877178561736,752,0.032,6.160433532733451e+19,5.049535682568402,Marginal,False,"[{'time_segment': 0, 'correlation': 0.08573755279355888, 'photon_count': 174}, {'time_segment': 1, 'correlation': 0.02402842532711499, 'photon_count': 149}, {'time_segment': 2, 'correlation': 0.039976366300911344, 'photon_count': 161}, {'time_segment': 3, 'correlation': -0.07462063280745689, 'photon_count': 140}, {'time_segment': 4, 'correlation': -0.056054089678990754, 'photon_count': 142}, {'time_segment': 5, 'correlation': -0.014389215877804805, 'photon_count': 146}, {'time_segment': 6, 'correlation': -0.2205969196965343, 'photon_count': 142}, {'time_segment': 7, 'correlation': 0.15075656862291104, 'photon_count': 131}, {'time_segment': 8, 'correlation': -0.062290985217256734, 'photon_count': 166}, {'time_segment': 9, 'correlation': -0.03240519820284289, 'photon_count': 136}]",2025-10-21 21:55:28
GRB20191022V,2019-10-22,0.3614994327356418,2136,242.84-271649.72 GeV,0.45754263225324493,5.346818564882547e-111,23.77033676133185,-0.024888288318395083,0.2502411673559432,1.1500766479226852,0.023434002104798977,1066,0.0005,5.809931340992858e+17,0.047622388040925064,Strong,True,"[{'time_segment': 2, 'correlation': -0.3379823749094616, 'photon_count': 2118}, {'time_segment': 3, 'correlation': 0.796026038978351, 'photon_count': 13}]",2025-10-21 21:55:33
GRB20191123W,2019-11-23,2.936046741069117,4299,44.50-32191947.26 GeV,0.017022980497663834,0.2644658211086674,1.1160437325017218,-0.0107696648683906,0.480221001153339,0.7060087008974761,-6.110848436883681e-05,2162,0.3307,6.441080615438014e+20,52.79574274949192,None,False,"[{'time_segment': 0, 'correlation': -0.017972060423917555, 'photon_count': 433}, {'time_segment': 1, 'correlation': 0.09628622523864602, 'photon_count': 441}, {'time_segment': 2, 'correlation': 0.10395441332007307, 'photon_count': 408}, {'time_segment': 3, 'correlation': -0.06087286883265613, 'photon_count': 436}, {'time_segment': 4, 'correlation': -0.002098136901000836, 'photon_count': 423}, {'time_segment': 5, 'correlation': -0.02689611748486154, 'photon_count': 452}, {'time_segment': 6, 'correlation': -0.05757191472935205, 'photon_count': 449}, {'time_segment': 7, 'correlation': 0.026349364711267198, 'photon_count': 410}, {'time_segment': 8, 'correlation': -0.11178904764516116, 'photon_count': 434}, {'time_segment': 9, 'correlation': 0.08515324672803423, 'photon_count': 412}]",2025-10-21 21:55:40
GRB20191224X,2019-12-24,2.199261937776121,1844,29.48-456260.65 GeV,0.5089473981014045,4.463156408981749e-122,25.375619457927687,0.08090776062905912,0.0005057863103165017,3.4838634687404277,0.15674567245722848,956,0.0005,2.0410528007713325e+17,0.016729940989928953,Strong,True,"[{'time_segment': 3, 'correlation': -0.22935392209382102, 'photon_count': 1837}]",2025-10-21 21:55:43
GRB20190125Y,2019-01-25,1.0948983948684752,3628,108.75-313249.15 GeV,0.021257787818697794,0.2005025046570912,1.2803541614983074,0.02288916296066652,0.16808423022880384,1.3786613713071332,3.764605222236522e-05,1824,0.2082,5.564722650052302e+20,45.61248073813362,None,False,"[{'time_segment': 0, 'correlation': -0.0301336229866428, 'photon_count': 341}, {'time_segment': 1, 'correlation': -0.0274831813812159, 'photon_count': 389}, {'time_segment': 2, 'correlation': -0.00205544842660239, 'photon_count': 346}, {'time_segment': 3, 'correlation': -0.0371737272593653, 'photon_count': 366}, {'time_segment': 4, 'correlation': 0.05860993155240245, 'photon_count': 368}, {'time_segment': 5, 'correlation': -0.004228028940608872, 'photon_count': 341}, {'time_segment': 6, 'correlation': 0.0388181877791367, 'photon_count': 395}, {'time_segment': 7, 'correlation': -0.03270772460209779, 'photon_count': 346}, {'time_segment': 8, 'correlation': 0.031918724540011996, 'photon_count': 404}, {'time_segment': 9, 'correlation': 0.04583082384801755, 'photon_count': 331}]",2025-10-21 21:55:47
GRB20190226Z,2019-02-26,3.0992403489455453,1354,216.22-47983.95 GeV,-0.023964891252008857,0.37824099541210143,0.8814314764213174,-0.029638416701073155,0.2757883716153803,1.090270293922206,0.023994906750615184,689,0.3953,1.7083793621496148e+18,0.14003109525816515,None,False,"[{'time_segment': 0, 'correlation': 0.13553017942676468, 'photon_count': 130}, {'time_segment': 1, 'correlation': 0.0318435969489685, 'photon_count': 123}, {'time_segment': 2, 'correlation': 0.037760577746947944, 'photon_count': 118}, {'time_segment': 3, 'correlation': -0.023082725905790368, 'photon_count': 162}, {'time_segment': 4, 'correlation': -0.021801860948793692, 'photon_count': 117}, {'time_segment': 5, 'correlation': -0.10436904375832103, 'photon_count': 147}, {'time_segment': 6, 'correlation': 0.007874335462307057, 'photon_count': 136}, {'time_segment': 7, 'correlation': -0.030521235470035032, 'photon_count': 128}, {'time_segment': 8, 'correlation': -0.008957570996973096, 'photon_count': 137}, {'time_segment': 9, 'correlation': 0.11011282888250828, 'photon_count': 155}]",2025-10-21 21:55:50
GRB20190327A,2019-03-27,0.15889629679064557,3648,94.80-155977857.11 GeV,-0.021061339442533224,0.2034505464776933,1.2720104035745918,0.029971979857224294,0.07028739640867543,1.8105850059048083,3.416277672932695e-06,1841,0.2224,3.392277817381846e+21,278.05555880179065,None,False,"[{'time_segment': 0, 'correlation': -0.016915365059805187, 'photon_count': 354}, {'time_segment': 1, 'correlation': 0.013541533337223856, 'photon_count': 388}, {'time_segment': 2, 'correlation': -0.08799984516185799, 'photon_count': 356}, {'time_segment': 3, 'correlation': 0.05827341889237615, 'photon_count': 364}, {'time_segment': 4, 'correlation': -0.02945223901835557, 'photon_count': 342}, {'time_segment': 5, 'correlation': -0.08126494358554032, 'photon_count': 371}, {'time_segment': 6, 'correlation': 0.060595587411994487, 'photon_count': 370}, {'time_segment': 7, 'correlation': 0.022861664784507414, 'photon_count': 358}, {'time_segment': 8, 'correlation': -0.09043283246586487, 'photon_count': 374}, {'time_segment': 9, 'correlation': 0.022011405334020684, 'photon_count': 370}]",2025-10-21 21:55:54
GRB20190428B,2019-04-28,1.234593905460184,4381,49.24-821454696.43 GeV,0.008433489856903552,0.5768061922477801,0.5580977150020061,0.015296078222388525,0.31144037808247843,1.0123213128802764,7.735582492028772e-08,2194,0.6746,2.8887209305347713e+23,23678.04041421944,None,False,"[{'time_segment': 0, 'correlation': -0.08282128145314882, 'photon_count': 439}, {'time_segment': 1, 'correlation': -0.045390612854977995, 'photon_count': 397}, {'time_segment': 2, 'correlation': 0.0770091947188231, 'photon_count': 448}, {'time_segment': 3, 'correlation': 0.08680227800206497, 'photon_count': 424}, {'time_segment': 4, 'correlation': -0.046625794879769304, 'photon_count': 451}, {'time_segment': 5, 'correlation': 0.08135889466788315, 'photon_count': 452}, {'time_segment': 6, 'correlation': -0.011883934354147689, 'photon_count': 445}, {'time_segment': 7, 'correlation': 0.053388977821075954, 'photon_count': 419}, {'time_segment': 8, 'correlation': 0.06508239124705882, 'photon_count': 451}, {'time_segment': 9, 'correlation': 0.008334700707007375, 'photon_count': 454}]",2025-10-21 21:55:58
GRB20190501C,2019-05-01,0.5703879717128294,1173,106.34-4089530.70 GeV,-0.9306136154760809,0.0,87.00877177842146,0.01744511522869937,0.550582368419127,0.597060561236072,-0.00986930398133339,580,0.0008,1.5911841145870374e+18,0.130424927425167,Strong,True,"[{'time_segment': 9, 'correlation': 0.8490905941166951, 'photon_count': 1169}]",2025-10-21 21:56:00
GRB20200602D,2020-06-02,2.8897763328505435,913,254.62-44350.45 GeV,-0.004788390056208479,0.8851150690735479,0.14452856401363198,0.0027751379078026217,0.933264309759974,0.08376168989571442,-0.0003327403694783248,459,0.898,1.1690124462351806e+20,9.582069231435906,None,False,"[{'time_segment': 0, 'correlation': 0.13290748542800904, 'photon_count': 88}, {'time_segment': 1, 'correlation': -0.05084820656035735, 'photon_count': 88}, {'time_segment': 2, 'correlation': 0.1522901365190389, 'photon_count': 97}, {'time_segment': 3, 'correlation': -0.11237800632387164, 'photon_count': 88}, {'time_segment': 4, 'correlation': -0.033217935454804004, 'photon_count': 101}, {'time_segment': 5, 'correlation': -0.032385859163302395, 'photon_count': 93}, {'time_segment': 6, 'correlation': 0.042363711126837414, 'photon_count': 91}, {'time_segment': 7, 'correlation': -0.10757857841716255, 'photon_count': 87}, {'time_segment': 8, 'correlation': -0.02545351805890303, 'photon_count': 87}, {'time_segment': 9, 'correlation': 0.022940918666165492, 'photon_count': 92}]",2025-10-21 21:56:03
GRB20200703E,2020-07-03,1.383345206460898,2622,30.65-59192097.34 GeV,-0.9998650308307518,0.0,inf,-0.0160524028269787,0.41128648885424945,0.821763139452719,-0.1365775388932844,1358,0.0,1.745049168240715e+17,0.014303681706891105,Strong,True,"[{'time_segment': 9, 'correlation': -0.8100047451515112, 'photon_count': 2620}]",2025-10-21 21:56:09
GRB20200804F,2020-08-04,1.622195948949832,1293,41.00-368041.84 GeV,0.696738438043778,1.708029873747096e-188,34.899303426263444,-0.019194087194352012,0.4904565147108374,0.6897800018357885,0.0907070611479412,667,0.0002,2.8908399365657856e+17,0.023695409316112997,Strong,True,"[{'time_segment': 1, 'correlation': -0.2719641992424618, 'photon_count': 1279}]",2025-10-21 21:56:14
GRB20200905G,2020-09-05,2.7517162098140275,1069,33.68-111178.70 GeV,0.8878471909160361,0.0,63.02776945151964,-0.04429048592610258,0.14786375859502965,1.4481683092135609,-0.14721354088042665,541,0.0009,2.548485816845705e+17,0.020889228006932006,Strong,True,"[{'time_segment': 1, 'correlation': 0.07776039166030137, 'photon_count': 1059}]",2025-10-21 21:56:18
GRB20201006H,2020-10-06,2.744426647399492,3633,30.22-80216.89 GeV,0.67865084971931,0.0,55.678914063336904,0.02759457142469946,0.09631448252058905,1.663421037742393,0.18855804661655504,1825,0.0,1.9858217215274963e+17,0.016277227225635217,Strong,True,"[{'time_segment': 0, 'correlation': 0.0322164445956376, 'photon_count': 3632}]",2025-10-21 21:56:22
GRB20201107I,2020-11-07,1.626065662520861,4482,147.26-419661591.25 GeV,0.9904322448210703,0.0,480.3801480152546,-0.016169319628866627,0.2791333608881124,1.0823993754067536,-0.00045233990205940656,2256,0.0,5.8055140626881405e+19,4.758618084170607,Strong,True,"[{'time_segment': 0, 'correlation': 0.2652706523050126, 'photon_count': 4481}]",2025-10-21 21:56:27
GRB20201208J,2020-12-08,3.170897103117983,2311,79.52-214128.70 GeV,0.8391142811442706,0.0,74.12589889861067,0.08093310042959605,9.821032053417987e-05,3.9018015216152566,-0.008408023932164029,1184,0.0003,4.960615165666509e+18,0.40660780046446793,Strong,True,"[{'time_segment': 0, 'correlation': -0.8643013411817118, 'photon_count': 1115}, {'time_segment': 1, 'correlation': 0.8521222404344615, 'photon_count': 1194}]",2025-10-21 21:56:31
GRB20200109K,2020-01-09,1.2540161888587673,4032,56.17-350448.53 GeV,0.028401335701329567,0.07135155754431059,1.803709188576356,-0.003383697691174835,0.8299293832023511,0.21480607732950027,0.0008723383326183258,2022,0.0626,2.5838784157212623e+19,2.117933127640379,None,False,"[{'time_segment': 0, 'correlation': -0.046059562184329814, 'photon_count': 408}, {'time_segment': 1, 'correlation': -0.03660534325203713, 'photon_count': 404}, {'time_segment': 2, 'correlation': 0.06634192398033083, 'photon_count': 387}, {'time_segment': 3, 'correlation': 0.0027677904731996912, 'photon_count': 364}, {'time_segment': 4, 'correlation': 0.0058976044648711996, 'photon_count': 348}, {'time_segment': 5, 'correlation': -0.004375969068235816, 'photon_count': 442}, {'time_segment': 6, 'correlation': -0.02478551302867983, 'photon_count': 418}, {'time_segment': 7, 'correlation': -0.03289867530544725, 'photon_count': 446}, {'time_segment': 8, 'correlation': 0.04670203169552157, 'photon_count': 401}, {'time_segment': 9, 'correlation': -0.08371398485076523, 'photon_count': 413}]",2025-10-21 21:56:35
GRB20200210L,2020-02-10,0.19692576197886108,3244,133.67-15302956.14 GeV,0.720409547177691,0.0,59.14375228193296,0.013545654940039899,0.44056110916076663,0.7713409002527738,-0.0019782852604228528,1643,0.0,6.050319364574459e+18,0.49592781676839826,Strong,True,"[{'time_segment': 0, 'correlation': -0.3173108617820088, 'photon_count': 13}, {'time_segment': 1, 'correlation': 0.532418325522393, 'photon_count': 3227}]",2025-10-21 21:56:40
GRB20200311M,2020-03-11,2.3980215688000843,3448,21.04-33949.00 GeV,-0.10356656452986457,1.0903662487968863e-09,6.112500624855158,0.015100278687951331,0.37539530779286834,0.8865273090923639,-0.04116767252865878,1737,0.0017,8.254101726140965e+17,0.06765657152574561,Strong,True,"[{'time_segment': 5, 'correlation': -0.1858719842774976, 'photon_count': 1136}, {'time_segment': 6, 'correlation': -0.010019116168439816, 'photon_count': 2304}]",2025-10-21 21:56:45
GRB20200412N,2020-04-12,2.108657576650528,4899,69.87-17164.01 GeV,-0.011437205012908801,0.423511200299156,0.8004115829098891,0.0030931253772517814,0.8286432676385358,0.21645352045518818,-0.0004072811235964642,2477,0.4304,7.632707229836163e+19,6.2563174015050524,None,False,"[{'time_segment': 0, 'correlation': -0.05468469244477598, 'photon_count': 519}, {'time_segment': 1, 'correlation': -0.06281006125021558, 'photon_count': 488}, {'time_segment': 2, 'correlation': -0.08058112620552418, 'photon_count': 536}, {'time_segment': 3, 'correlation': -0.014713940134733827, 'photon_count': 478}, {'time_segment': 4, 'correlation': -0.09453468910720933, 'photon_count': 491}, {'time_segment': 5, 'correlation': -0.057495176755983625, 'photon_count': 471}, {'time_segment': 6, 'correlation': 0.028557077253598934, 'photon_count': 494}, {'time_segment': 7, 'correlation': -0.1062542982329418, 'photon_count': 454}, {'time_segment': 8, 'correlation': 0.05790667551747985, 'photon_count': 472}, {'time_segment': 9, 'correlation': 0.04981848897065526, 'photon_count': 495}]",2025-10-21 21:56:50
GRB20200513O,2020-05-13,2.7168746400865667,3777,198.76-10100983002.37 GeV,0.022959097752495366,0.15832627569416102,1.411002515458295,-0.0001515363262715018,0.9925718569044587,0.009310547868927098,-1.8885802152897873e-05,1901,0.1846,1.968078776847846e+21,161.31793252851196,None,False,"[{'time_segment': 0, 'correlation': -0.03865717975254081, 'photon_count': 397}, {'time_segment': 1, 'correlation': 0.00988458911301739, 'photon_count': 375}, {'time_segment': 2, 'correlation': -0.07096847781967612, 'photon_count': 366}, {'time_segment': 3, 'correlation': -0.02726883028065662, 'photon_count': 398}, {'time_segment': 4, 'correlation': -0.06836795725092806, 'photon_count': 357}, {'time_segment': 5, 'correlation': 0.12324704444148835, 'photon_count': 385}, {'time_segment': 6, 'correlation': -0.026360206930589172, 'photon_count': 348}, {'time_segment': 7, 'correlation': 0.09265673776776565, 'photon_count': 388}, {'time_segment': 8, 'correlation': -0.02436088991926999, 'photon_count': 385}, {'time_segment': 9, 'correlation': -0.07659091883416727, 'photon_count': 377}]",2025-10-21 21:56:54
GRB20200614P,2020-06-14,1.3238988846772404,3784,93.90-21895490.88 GeV,0.1694717376811987,8.870257218401311e-26,10.575136248989441,-0.01407738660313288,0.3866457416415904,0.8658164579379684,-0.048142317438334525,1889,0.0013,4.827143786033818e+17,0.03956675234453949,Strong,True,"[{'time_segment': 3, 'correlation': -0.5502032568672364, 'photon_count': 3768}]",2025-10-21 21:56:59
GRB20200715Q,2020-07-15,1.4983993839184955,4564,17.22-31348.39 GeV,0.30807804202871064,6.228997082687384e-101,21.87222685646468,-0.004087412139630451,0.7825016888889984,0.2760766642205844,0.10755281743909036,2297,0.0003,2.3229511261603133e+17,0.019040583001314042,Strong,True,"[{'time_segment': 2, 'correlation': -0.06852262347262053, 'photon_count': 3490}, {'time_segment': 3, 'correlation': 0.2905818729756697, 'photon_count': 1071}]",2025-10-21 21:57:03
GRB20210816R,2021-08-16,2.121037549056448,631,173.72-15722.63 GeV,0.6166535371545094,2.2952685885546663e-67,19.645466279083777,0.03411402435354771,0.3922830339154255,0.856073658111814,0.22103015045808228,327,0.0,1.4120415439197485e+17,0.011574111015735643,Strong,True,"[{'time_segment': 1, 'correlation': -0.6776152738531007, 'photon_count': 160}, {'time_segment': 2, 'correlation': 0.23531645992872816, 'photon_count': 459}]",2025-10-21 21:57:06
GRB20210917S,2021-09-17,0.8219542501157173,3395,148.57-355758.39 GeV,-0.009363533344272455,0.5854835541141333,0.5454447055887165,-0.017153658931829612,0.3177020189333631,0.9993384676272234,-0.004897235340804786,1716,0.6681,3.72037307444634e+18,0.3049486126595361,None,False,"[{'time_segment': 0, 'correlation': -0.03600817450375795, 'photon_count': 349}, {'time_segment': 1, 'correlation': 0.03185782545053334, 'photon_count': 335}, {'time_segment': 2, 'correlation': 0.0828283721183591, 'photon_count': 314}, {'time_segment': 3, 'correlation': 0.019666161314102787, 'photon_count': 343}, {'time_segment': 4, 'correlation': 0.0700848412985244, 'photon_count': 345}, {'time_segment': 5, 'correlation': -0.049985223305964756, 'photon_count': 354}, {'time_segment': 6, 'correlation': -0.013953512661551802, 'photon_count': 308}, {'time_segment': 7, 'correlation': 0.012754787227244043, 'photon_count': 352}, {'time_segment': 8, 'correlation': 0.0798016530842711, 'photon_count': 364}, {'time_segment': 9, 'correlation': -0.07400585528164298, 'photon_count': 330}]",2025-10-21 21:57:12
GRB20211018T,2021-10-18,2.803673852915216,3865,83.95-38927.73 GeV,-0.152494992576918,1.5248101256138134e-21,9.59019145208342,-0.015083159623013155,0.3485236186417404,0.937570832663645,-0.026944752936371476,1937,0.0,1.411656607836553e+18,0.11570955801938959,Strong,True,"[{'time_segment': 6, 'correlation': -0.12018701886354627, 'photon_count': 899}, {'time_segment': 7, 'correlation': -0.007775475908375906, 'photon_count': 1659}, {'time_segment': 8, 'correlation': 0.04676155120668503, 'photon_count': 1284}, {'time_segment': 9, 'correlation': 0.46990796831699005, 'photon_count': 12}]",2025-10-21 21:57:17
GRB20211119U,2021-11-19,2.2400153892688106,1115,75.66-919640.43 GeV,0.054471603185567784,0.0690328576165124,1.8199648782028115,-0.0042700406687441236,0.8867448877223555,0.142456920801059,0.0001703354009508578,569,0.0684,1.9021385872708652e+20,15.59129989566283,None,False,"[{'time_segment': 0, 'correlation': 0.016357217633254102, 'photon_count': 114}, {'time_segment': 1, 'correlation': -0.055227381858986895, 'photon_count': 112}, {'time_segment': 2, 'correlation': 0.08011927662925458, 'photon_count': 110}, {'time_segment': 3, 'correlation': 0.13994157389340156, 'photon_count': 106}, {'time_segment': 4, 'correlation': -0.08551943822683843, 'photon_count': 126}, {'time_segment': 5, 'correlation': 0.11153240649931122, 'photon_count': 116}, {'time_segment': 6, 'correlation': -0.11581942236943671, 'photon_count': 113}, {'time_segment': 7, 'correlation': -0.15283369462778273, 'photon_count': 114}, {'time_segment': 8, 'correlation': 0.17645728779085815, 'photon_count': 94}, {'time_segment': 9, 'correlation': 0.03088334938054315, 'photon_count': 109}]",2025-10-21 21:57:20
GRB20211220V,2021-12-20,1.066852630039512,1146,111.43-11782955983.76 GeV,-0.023822169194380415,0.42042903074914967,0.8059675976417932,-0.0182581933217116,0.536928282269089,0.6176510926258403,-1.924866980002453e-08,580,0.5335,1.0737638764195945e+24,88013.43249340939,None,False,"[{'time_segment': 0, 'correlation': 0.008960947383088301, 'photon_count': 104}, {'time_segment': 1, 'correlation': 0.08402363089323048, 'photon_count': 107}, {'time_segment': 2, 'correlation': 0.11090672596991019, 'photon_count': 110}, {'time_segment': 3, 'correlation': -0.054077788963444895, 'photon_count': 120}, {'time_segment': 4, 'correlation': 0.08464673958475162, 'photon_count': 106}, {'time_segment': 5, 'correlation': 0.0032545380299454797, 'photon_count': 115}, {'time_segment': 6, 'correlation': 0.01789925496072451, 'photon_count': 114}, {'time_segment': 7, 'correlation': -0.04634542795026325, 'photon_count': 117}, {'time_segment': 8, 'correlation': 0.06096769653436274, 'photon_count': 127}, {'time_segment': 9, 'correlation': -0.06335225720653506, 'photon_count': 125}]",2025-10-21 21:57:23
GRB20210121W,2021-01-21,2.6484906132217,1921,135.96-200956.03 GeV,0.8011980556829086,0.0,58.652472632359654,0.014923109413942292,0.5133187501927416,0.6538003887064201,0.0036775016307394734,967,0.0,9.921112155939576e+18,0.8132059144212767,Strong,True,"[{'time_segment': 0, 'correlation': -0.22350223730092272, 'photon_count': 1734}, {'time_segment': 1, 'correlation': 0.6647993709456864, 'photon_count': 186}]",2025-10-21 21:57:27
GRB20210222X,2021-02-22,1.1380954772308174,3678,31.42-583784.69 GeV,-0.013157016415038249,0.42505010873850646,0.7977792952125947,0.004626356499940359,0.7791103889985671,0.2804991146655152,-3.26456737961487e-06,1844,0.4897,6.549399135033488e+21,536.8359946748761,None,False,"[{'time_segment': 0, 'correlation': 0.0056261003007204114, 'photon_count': 376}, {'time_segment': 1, 'correlation': 0.0566448007392124, 'photon_count': 370}, {'time_segment': 2, 'correlation': -0.06980763572169432, 'photon_count': 349}, {'time_segment': 3, 'correlation': -0.0746149266422588, 'photon_count': 364}, {'time_segment': 4, 'correlation': 0.02507584395690329, 'photon_count': 350}, {'time_segment': 5, 'correlation': 0.04820636665966885, 'photon_count': 374}, {'time_segment': 6, 'correlation': -0.026834386163927117, 'photon_count': 391}, {'time_segment': 7, 'correlation': 0.006143853889116509, 'photon_count': 385}, {'time_segment': 8, 'correlation': 0.02828034334517223, 'photon_count': 350}, {'time_segment': 9, 'correlation': -0.08479715774587514, 'photon_count': 368}]",2025-10-21 21:57:32
GRB20210323Y,2021-03-23,0.9905961999394141,1059,53.93-34572909.43 GeV,-0.9945097300725291,0.0,308.9808773727356,0.0006695624084766174,0.9826367241201167,0.021768507504206863,0.10220603781887203,555,0.0011,1.9476307294752176e+17,0.015964186307173913,Strong,True,"[{'time_segment': 9, 'correlation': 0.06892186147616942, 'photon_count': 1057}]",2025-10-21 21:57:35
GRB20210424Z,2021-04-24,2.8470549848661815,2580,59.16-306991532.45 GeV,-0.016162725815316335,0.41186251888265646,0.8207535988681864,-0.01030072419525304,0.6009935844254541,0.5230368131429864,-5.79209286558725e-07,1308,0.5184,6.6419083294102805e+22,5444.187155254328,None,False,"[{'time_segment': 0, 'correlation': -0.0961373755763013, 'photon_count': 248}, {'time_segment': 1, 'correlation': -0.011538396842832869, 'photon_count': 263}, {'time_segment': 2, 'correlation': 0.06402092041919968, 'photon_count': 271}, {'time_segment': 3, 'correlation': 0.018926827802206374, 'photon_count': 243}, {'time_segment': 4, 'correlation': 0.04991370371986837, 'photon_count': 233}, {'time_segment': 5, 'correlation': 0.1052448019975127, 'photon_count': 273}, {'time_segment': 6, 'correlation': 0.055551567752077556, 'photon_count': 285}, {'time_segment': 7, 'correlation': -0.011311589719291304, 'photon_count': 268}, {'time_segment': 8, 'correlation': 0.034653410210341, 'photon_count': 237}, {'time_segment': 9, 'correlation': 0.10826435604258809, 'photon_count': 258}]",2025-10-21 21:57:39
GRB20210525A,2021-05-25,3.146527956524366,1162,60.89-27604.77 GeV,0.17505571296674438,1.8858884215902026e-09,6.055691527434508,0.008973443108792719,0.7599360621142365,0.30563676505820875,0.017274133701138044,582,0.0006,2.4004259943010555e+18,0.19675622904107012,Strong,True,"[{'time_segment': 1, 'correlation': 0.01757817350835574, 'photon_count': 204}, {'time_segment': 2, 'correlation': -0.01493105031498805, 'photon_count': 337}, {'time_segment': 3, 'correlation': 0.006556154298475738, 'photon_count': 362}, {'time_segment': 4, 'correlation': -0.15798453591377853, 'photon_count': 254}]",2025-10-21 21:57:42
GRB20210626B,2021-06-26,1.2512836887456231,3499,38.05-58254.18 GeV,0.014425877874759484,0.3936238113545084,0.8531693827426459,0.03531732964765584,0.03670699289139713,2.0898094802484795,0.013283275380896981,1759,0.4399,1.6948257294908242e+18,0.13892014176154296,None,False,"[{'time_segment': 0, 'correlation': -0.04820765772611537, 'photon_count': 367}, {'time_segment': 1, 'correlation': 0.08338579308703459, 'photon_count': 348}, {'time_segment': 2, 'correlation': 0.06427368078985282, 'photon_count': 355}, {'time_segment': 3, 'correlation': -0.06781881410580268, 'photon_count': 317}, {'time_segment': 4, 'correlation': -0.00031729408615030637, 'photon_count': 354}, {'time_segment': 5, 'correlation': -0.0629286140316088, 'photon_count': 323}, {'time_segment': 6, 'correlation': 0.032796123323374164, 'photon_count': 354}, {'time_segment': 7, 'correlation': -0.020350088612233856, 'photon_count': 387}, {'time_segment': 8, 'correlation': 0.006486032906469639, 'photon_count': 330}, {'time_segment': 9, 'correlation': -0.10378772122159202, 'photon_count': 363}]",2025-10-21 21:57:47
GRB20210727C,2021-07-27,2.297872658650854,3099,37.60-60938.71 GeV,-0.019281264731777624,0.28325813302837577,1.0732153197532455,0.005393609624554268,0.7640733551417671,0.3001624972901206,-0.0010515244353471234,1565,0.2884,3.1362777200343224e+19,2.5707194426510838,None,False,"[{'time_segment': 0, 'correlation': 0.05785046297974808, 'photon_count': 295}, {'time_segment': 1, 'correlation': -0.02595780254952662, 'photon_count': 330}, {'time_segment': 2, 'correlation': -0.039892093891803225, 'photon_count': 331}, {'time_segment': 3, 'correlation': 0.19040261845265966, 'photon_count': 305}, {'time_segment': 4, 'correlation': 0.0006652445484298786, 'photon_count': 327}, {'time_segment': 5, 'correlation': 0.002021888998102251, 'photon_count': 318}, {'time_segment': 6, 'correlation': -0.022545808445438877, 'photon_count': 337}, {'time_segment': 7, 'correlation': 0.001684238445706775, 'photon_count': 286}, {'time_segment': 8, 'correlation': 0.13533710091282375, 'photon_count': 291}, {'time_segment': 9, 'correlation': -0.05062983660355996, 'photon_count': 278}]",2025-10-21 21:57:51
GRB20210828D,2021-08-28,0.13041493828843442,2728,28.18-20113.80 GeV,-0.16146185419466128,2.1560943527809242e-17,8.542185022186917,-0.021066686628236814,0.2713598849435332,1.1001592467196628,0.17996031639667873,1370,0.0002,6.281467830922846e+16,0.005148744123707251,Strong,True,"[{'time_segment': 4, 'correlation': -0.18887600039344862, 'photon_count': 978}, {'time_segment': 5, 'correlation': 0.11061155481469337, 'photon_count': 1743}]",2025-10-21 21:57:55
GRB20210901E,2021-09-01,1.033842312342929,774,42.59-30314.57 GeV,-0.17381003532680842,1.1457078146736185e-06,4.90393416512538,-0.02199480012305793,0.5412001751800497,0.6112709330704248,0.13033995950836935,391,0.0041,1.5604134910079766e+17,0.012790274516458824,Significant,True,"[{'time_segment': 5, 'correlation': -0.20172300874617619, 'photon_count': 276}, {'time_segment': 6, 'correlation': 0.04447760925235643, 'photon_count': 496}]",2025-10-21 21:57:59
GRB20211002F,2021-10-02,1.3317382307870806,382,256.08-107207.19 GeV,-0.04431430863536658,0.3877520897514401,0.8646943480324476,-0.01938112451402954,0.7057317289340268,0.37787864718254555,0.001944567748137024,195,0.4584,1.1991036223967932e+19,0.9828718216367158,None,False,"[{'time_segment': 0, 'correlation': 0.15826439351794752, 'photon_count': 38}, {'time_segment': 1, 'correlation': -0.11062135373602136, 'photon_count': 46}, {'time_segment': 2, 'correlation': 0.12606870721224014, 'photon_count': 31}, {'time_segment': 3, 'correlation': -0.060572567445385424, 'photon_count': 49}, {'time_segment': 4, 'correlation': 0.04920703333428378, 'photon_count': 43}, {'time_segment': 5, 'correlation': 0.02099433931069159, 'photon_count': 29}, {'time_segment': 6, 'correlation': 0.07026340813990611, 'photon_count': 36}, {'time_segment': 7, 'correlation': -0.02640262860930643, 'photon_count': 31}, {'time_segment': 8, 'correlation': 0.16375340748000594, 'photon_count': 26}, {'time_segment': 9, 'correlation': 0.11078427631082625, 'photon_count': 52}]",2025-10-21 21:58:02
GRB20221103G,2022-11-03,2.5067272838462697,2018,119.01-544479.77 GeV,0.4002245621526473,1.6829649743863706e-78,19.609016774471936,-0.04915394684203819,0.02723954721284342,2.2096777666530913,-0.04995784086463668,1039,0.0016,7.019373181775261e+17,0.05753584575225624,Strong,True,"[{'time_segment': 4, 'correlation': -0.28328578117946257, 'photon_count': 2001}]",2025-10-21 21:58:06
GRB20221204H,2022-12-04,2.691398699992627,2993,102.54-23918480.99 GeV,0.22997862680640105,3.209688935646634e-37,12.923957186518942,0.016196928394596664,0.3757281901384253,0.8859268062685314,0.025921421096145664,866,0.0007,1.4240726564723384e+18,0.11672726692396217,Strong,True,"[{'time_segment': 2, 'correlation': -0.39472898266841755, 'photon_count': 2985}]",2025-10-21 21:58:10
GRB20220105I,2022-01-05,0.46792563245123386,3205,35.83-16621.39 GeV,0.2209172021238513,1.0032882139503229e-36,12.819559123420571,-0.003263562730751782,0.8534740874706391,0.18470248864274358,0.04403656675647736,1618,0.0002,3.3334243347554246e+17,0.02732315028488053,Strong,True,"[{'time_segment': 1, 'correlation': -0.40929900745684167, 'photon_count': 999}, {'time_segment': 2, 'correlation': 0.1968658242417804, 'photon_count': 2192}]",2025-10-21 21:58:16
GRB20220206J,2022-02-06,0.2282230584250665,4369,211.41-6756910.14 GeV,0.4688664688358025,9.96858856591721e-238,35.07904428637772,-0.019573532880988728,0.19582673170506104,1.2937311223698895,-0.03361022579646495,2200,0.0,3.654313618310319e+17,0.029953390314019005,Strong,True,"[{'time_segment': 1, 'correlation': 0.1632449656592857, 'photon_count': 4351}]",2025-10-21 21:58:21
GRB20220307K,2022-03-07,1.58895074117858,754,174.31-97701886.80 GeV,0.05521323630663733,0.12983729267321945,1.516404655111867,-0.003107341568432123,0.9321156477779675,0.08521185346012645,1.831139423672571e-06,382,0.1337,1.4138468691729258e+22,1158.8908763712507,None,False,"[{'time_segment': 0, 'correlation': -0.12919317814227285, 'photon_count': 69}, {'time_segment': 1, 'correlation': -0.014168032227208097, 'photon_count': 85}, {'time_segment': 2, 'correlation': -0.04917305033918295, 'photon_count': 84}, {'time_segment': 3, 'correlation': -0.16104311638893595, 'photon_count': 74}, {'time_segment': 4, 'correlation': 0.01834354649291901, 'photon_count': 81}, {'time_segment': 5, 'correlation': 0.08388464591861523, 'photon_count': 78}, {'time_segment': 6, 'correlation': -0.03530112425753841, 'photon_count': 67}, {'time_segment': 7, 'correlation': -0.1059735273075859, 'photon_count': 70}, {'time_segment': 8, 'correlation': -0.157269542121492, 'photon_count': 72}, {'time_segment': 9, 'correlation': -0.07781222267204371, 'photon_count': 73}]",2025-10-21 21:58:24
GRB20220408L,2022-04-08,1.6158443486166636,487,40.59-6714.38 GeV,-0.4525262375396478,5.861032210360274e-26,11.175603519451743,-0.017083827355817125,0.7068679545782366,0.3762871853475844,-0.08824266473912508,251,0.0001,2.9643759697760454e+17,0.024298163686688898,Strong,True,"[{'time_segment': 7, 'correlation': 0.03922078661191032, 'photon_count': 143}, {'time_segment': 8, 'correlation': 0.08663796957740719, 'photon_count': 204}, {'time_segment': 9, 'correlation': 0.12651916292621485, 'photon_count': 134}]",2025-10-21 21:58:27
GRB20220509M,2022-05-09,1.2611236278298315,2330,58.10-13804.41 GeV,0.07221860704167023,0.00048540684141401845,3.493623470011784,0.05392788378173254,0.009225016529315467,2.605777306202633,0.04850796251490066,1180,0.0055,4.6613452938479123e+17,0.03820774831022879,Significant,True,"[{'time_segment': 3, 'correlation': -0.19340980462600477, 'photon_count': 1088}, {'time_segment': 4, 'correlation': 0.0635029075693269, 'photon_count': 1229}]",2025-10-21 21:58:31
GRB20220610N,2022-06-10,2.6300561978383854,3291,41.48-277028.39 GeV,-0.01218633676084715,0.48464149621645214,0.6989359230079777,0.07639358019520355,1.1480026837504072e-05,4.3939972380072945,-0.02881664098649713,1669,0.0522,1.259708305190516e+18,0.10325477911397672,None,True,"[{'time_segment': 1, 'correlation': -0.6629685942251812, 'photon_count': 52}, {'time_segment': 2, 'correlation': 0.8456326024871376, 'photon_count': 3231}]",2025-10-21 21:58:36
GRB20220711O,2022-07-11,3.013402940028009,328,187.84-11907.72 GeV,-0.2448835885427862,7.237038309467305e-06,4.560339290035592,-0.07381209697878191,0.18236444350424635,1.3363574694274853,-0.08674621932391194,175,0.0,4.62660271687679e+17,0.037922973089154016,Significant,True,"[{'time_segment': 3, 'correlation': -0.0472746962913975, 'photon_count': 51}, {'time_segment': 4, 'correlation': -0.16383557523247672, 'photon_count': 87}, {'time_segment': 5, 'correlation': -0.19125309453198303, 'photon_count': 71}, {'time_segment': 6, 'correlation': 0.21964131986017543, 'photon_count': 97}, {'time_segment': 7, 'correlation': 0.650978027141068, 'photon_count': 14}]",2025-10-21 21:58:39
GRB20220812P,2022-08-12,2.362567430727055,4425,51.44-26974.94 GeV,0.014495148286840334,0.3350432932747989,0.9641103867789877,0.009019775772523985,0.5486100425993838,0.5998903530562743,0.0059893808810034515,2222,0.3452,5.614215388091491e+18,0.46018158918782714,None,False,"[{'time_segment': 0, 'correlation': 0.033595383772343314, 'photon_count': 460}, {'time_segment': 1, 'correlation': 0.020058287233001026, 'photon_count': 446}, {'time_segment': 2, 'correlation': 0.014584156470991996, 'photon_count': 407}, {'time_segment': 3, 'correlation': -0.0037050308766149367, 'photon_count': 435}, {'time_segment': 4, 'correlation': -0.0578081440531623, 'photon_count': 414}, {'time_segment': 5, 'correlation': 0.07290632661676599, 'photon_count': 446}, {'time_segment': 6, 'correlation': 0.009926879654306532, 'photon_count': 454}, {'time_segment': 7, 'correlation': -0.041393365574621394, 'photon_count': 453}, {'time_segment': 8, 'correlation': 0.01521016975539401, 'photon_count': 430}, {'time_segment': 9, 'correlation': 0.0638007495281997, 'photon_count': 479}]",2025-10-21 21:58:45
GRB20220913Q,2022-09-13,1.680775969709647,1871,198.46-396027.03 GeV,-0.024884923881448733,0.28199611177178086,1.0761566147262083,-0.02391153506474033,0.3012523952975847,1.034037526991436,-0.0009357121977071427,945,0.3044,2.864957811043381e+19,2.348326074625722,None,False,"[{'time_segment': 0, 'correlation': -0.0024761761068007745, 'photon_count': 200}, {'time_segment': 1, 'correlation': 0.10808287670879096, 'photon_count': 184}, {'time_segment': 2, 'correlation': 0.03582475632602369, 'photon_count': 178}, {'time_segment': 3, 'correlation': -0.08186250445413473, 'photon_count': 172}, {'time_segment': 4, 'correlation': 0.06204861495981243, 'photon_count': 193}, {'time_segment': 5, 'correlation': -0.06532249894654647, 'photon_count': 199}, {'time_segment': 6, 'correlation': -0.04306398179271786, 'photon_count': 184}, {'time_segment': 7, 'correlation': 0.051090827111903825, 'photon_count': 185}, {'time_segment': 8, 'correlation': 0.06396861268736835, 'photon_count': 178}, {'time_segment': 9, 'correlation': -0.05255757908875273, 'photon_count': 197}]",2025-10-21 21:58:49
GRB20221014R,2022-10-14,2.8438363697957487,3391,72.77-944238.20 GeV,-0.024683161985169032,0.15070488734718537,1.4373711272555993,-0.010213935909927072,0.5521261682873471,0.5946365058037153,-2.4199017815243208e-05,1708,0.1525,1.5884266043948597e+21,130.19890199957865,None,False,"[{'time_segment': 0, 'correlation': -0.09129563895446392, 'photon_count': 338}, {'time_segment': 1, 'correlation': -0.0948098221399707, 'photon_count': 347}, {'time_segment': 2, 'correlation': -0.08573826670864987, 'photon_count': 330}, {'time_segment': 3, 'correlation': 0.005628608491742494, 'photon_count': 340}, {'time_segment': 4, 'correlation': -0.04607308369677321, 'photon_count': 347}, {'time_segment': 5, 'correlation': 0.059398169316659755, 'photon_count': 344}, {'time_segment': 6, 'correlation': 0.03973033958479528, 'photon_count': 355}, {'time_segment': 7, 'correlation': -0.009656713706072097, 'photon_count': 318}, {'time_segment': 8, 'correlation': 0.023212499543934405, 'photon_count': 327}, {'time_segment': 9, 'correlation': 0.00984581673596953, 'photon_count': 344}]",2025-10-21 21:58:53
GRB20221115S,2022-11-15,1.9101819763332946,1458,133.73-155119.31 GeV,0.11969677391147246,4.5826570573535276e-06,4.600412477478483,-0.011269251182585305,0.6672341637643332,0.43003452615141835,0.092597264654609,755,0.0067,3.1428379522746963e+17,0.02576096682192374,Significant,True,"[{'time_segment': 3, 'correlation': -0.7086721903066453, 'photon_count': 448}, {'time_segment': 4, 'correlation': 0.23925672830885264, 'photon_count': 1005}]",2025-10-21 21:58:57
GRB20221216T,2022-12-16,1.3470185573894888,1945,93.06-48273.45 GeV,-0.5595326940273005,1.1630891143710431e-160,29.758277357361077,-0.036183113736700696,0.11065639497254147,1.5959776929663556,-0.03549901214597129,998,0.0,6.611503857455502e+17,0.05419265456930739,Strong,True,"[{'time_segment': 6, 'correlation': -0.13038452745559087, 'photon_count': 14}, {'time_segment': 7, 'correlation': 0.0909451878127419, 'photon_count': 1916}]",2025-10-21 21:59:01
GRB20230117U,2023-01-17,2.1516037864185447,4512,255.87-657941.76 GeV,-0.19790421779493433,4.4465099756404925e-41,13.558734532129249,0.0013188082381643384,0.9294302323907423,0.08856666672754669,0.03902816508625289,2305,0.001,8.075203585547638e+17,0.06619019332416097,Strong,True,"[{'time_segment': 3, 'correlation': -0.22767139302842854, 'photon_count': 33}, {'time_segment': 4, 'correlation': 0.14960402199976763, 'photon_count': 4469}]",2025-10-21 21:59:05
GRB20230218V,2023-02-18,1.1125524023076054,2238,9.94-116664.44 GeV,-0.02136475564968827,0.3123688627476179,1.0104922099596028,0.015102778591618215,0.47515524689369326,0.7142369119018326,-0.01850300590960204,1126,0.4066,1.1417347065815438e+18,0.09358481201488064,None,False,"[{'time_segment': 0, 'correlation': -0.01753199469893768, 'photon_count': 221}, {'time_segment': 1, 'correlation': -0.10322193502122298, 'photon_count': 221}, {'time_segment': 2, 'correlation': 0.058073701798061594, 'photon_count': 208}, {'time_segment': 3, 'correlation': 0.10660643290894728, 'photon_count': 235}, {'time_segment': 4, 'correlation': 0.03225985667025303, 'photon_count': 231}, {'time_segment': 5, 'correlation': 0.042099982309143295, 'photon_count': 239}, {'time_segment': 6, 'correlation': -0.11734383122156855, 'photon_count': 215}, {'time_segment': 7, 'correlation': -0.0026598716705643092, 'photon_count': 227}, {'time_segment': 8, 'correlation': -0.0365173631977349, 'photon_count': 225}, {'time_segment': 9, 'correlation': 0.04611644705601017, 'photon_count': 215}]",2025-10-21 21:59:09
GRB20230319W,2023-03-19,1.33893824517967,298,66.44-7111.32 GeV,0.011904030664420211,0.837854154482839,0.20481920009179186,-0.0524567349778905,0.36686603301900056,0.9037440703816192,0.010217910968232309,153,0.8485,2.289057178567592e+18,0.18762763758750753,None,False,"[{'time_segment': 0, 'correlation': -0.2306871147901881, 'photon_count': 27}, {'time_segment': 1, 'correlation': 0.18627689678944492, 'photon_count': 40}, {'time_segment': 2, 'correlation': 0.042546535977811134, 'photon_count': 20}, {'time_segment': 3, 'correlation': 0.2240898421938785, 'photon_count': 24}, {'time_segment': 4, 'correlation': -0.04791537216993871, 'photon_count': 32}, {'time_segment': 5, 'correlation': -0.051108594440886, 'photon_count': 30}, {'time_segment': 6, 'correlation': 0.22259417088446676, 'photon_count': 30}, {'time_segment': 7, 'correlation': 0.21924651395684858, 'photon_count': 31}, {'time_segment': 8, 'correlation': -0.1873398509744177, 'photon_count': 30}, {'time_segment': 9, 'correlation': 0.07894147661976389, 'photon_count': 33}]",2025-10-21 21:59:13
GRB20230420X,2023-04-20,0.8098073944889668,2006,28.94-101281.14 GeV,-0.0268181880360263,0.22990223069624194,1.20097653437074,0.010775946690344334,0.6295569864251784,0.4824246713374103,0.004343280169592357,1006,0.25,4.166913769826707e+18,0.3415503090021891,None,False,"[{'time_segment': 0, 'correlation': -0.14524811726037168, 'photon_count': 209}, {'time_segment': 1, 'correlation': -0.006643269412794936, 'photon_count': 184}, {'time_segment': 2, 'correlation': 0.01645518479732152, 'photon_count': 207}, {'time_segment': 3, 'correlation': -0.00297392972788822, 'photon_count': 197}, {'time_segment': 4, 'correlation': -0.05050352998052735, 'photon_count': 210}, {'time_segment': 5, 'correlation': -0.014627587638993604, 'photon_count': 198}, {'time_segment': 6, 'correlation': -0.10117524187275889, 'photon_count': 206}, {'time_segment': 7, 'correlation': -0.027602320785814503, 'photon_count': 199}, {'time_segment': 8, 'correlation': -0.08873428302697486, 'photon_count': 189}, {'time_segment': 9, 'correlation': -0.013607654085563498, 'photon_count': 206}]",2025-10-21 21:59:17
GRB20230521Y,2023-05-21,2.0251636969404005,2942,230.33-580677.20 GeV,0.9606842518733795,0.0,187.61486032451435,-0.0012314196518914476,0.9467695059661068,0.0667697998802467,-0.05554289325653554,1479,0.0002,5.4465360365152384e+17,0.04464373800422326,Strong,True,"[{'time_segment': 0, 'correlation': -0.07700273485371861, 'photon_count': 2941}]",2025-10-21 21:59:21
GRB20230622Z,2023-06-22,2.5432559589938952,3328,98.31-111484.10 GeV,-0.012477069967296348,0.4718051521226071,0.7196271507410327,0.0016269777548921388,0.9252495780561762,0.09383034480509816,-0.0008545819560056387,1674,0.5589,4.146186254101668e+19,3.398513323034154,None,False,"[{'time_segment': 0, 'correlation': -0.04054806347032656, 'photon_count': 321}, {'time_segment': 1, 'correlation': -0.08325557573182249, 'photon_count': 319}, {'time_segment': 2, 'correlation': -0.0880935553980627, 'photon_count': 354}, {'time_segment': 3, 'correlation': -0.016693817438309642, 'photon_count': 307}, {'time_segment': 4, 'correlation': -0.07971476820756342, 'photon_count': 307}, {'time_segment': 5, 'correlation': -0.05124668709624443, 'photon_count': 324}, {'time_segment': 6, 'correlation': -0.0075459253345569145, 'photon_count': 365}, {'time_segment': 7, 'correlation': 0.04346919941166716, 'photon_count': 337}, {'time_segment': 8, 'correlation': -0.017236738590340136, 'photon_count': 353}, {'time_segment': 9, 'correlation': 0.062211150048911486, 'photon_count': 340}]",2025-10-21 21:59:25
GRB20230723A,2023-07-23,2.4477586212450118,2177,51.70-26076899.13 GeV,-0.9972913886103074,0.0,632.350162835664,-0.004572303563342905,0.8311595434127069,0.21324027141336876,-0.07194186909319611,1106,0.0,4.7924229168673114e+17,0.03928215505628944,Strong,True,"[{'time_segment': 9, 'correlation': -0.7126856313237836, 'photon_count': 2173}]",2025-10-21 21:59:30
GRB20230824B,2023-08-24,2.9029324569959534,615,105.39-31359.28 GeV,-0.0419293010686895,0.29919835793148664,1.0390344700819238,0.011554644608589158,0.7748992157167933,0.286098659345238,-0.0018037476487137048,314,0.3117,2.163790738565468e+19,1.773598966037269,None,False,"[{'time_segment': 0, 'correlation': 0.17312161212660218, 'photon_count': 61}, {'time_segment': 1, 'correlation': -0.03983198922214661, 'photon_count': 57}, {'time_segment': 2, 'correlation': -0.16016526198165254, 'photon_count': 64}, {'time_segment': 3, 'correlation': -0.20852610906753977, 'photon_count': 61}, {'time_segment': 4, 'correlation': -0.05668134329294629, 'photon_count': 68}, {'time_segment': 5, 'correlation': 0.25582049841533605, 'photon_count': 49}, {'time_segment': 6, 'correlation': -0.1517014762140595, 'photon_count': 58}, {'time_segment': 7, 'correlation': 0.12217029783126232, 'photon_count': 64}, {'time_segment': 8, 'correlation': 0.28195320105617944, 'photon_count': 64}, {'time_segment': 9, 'correlation': -0.08127942801622579, 'photon_count': 68}]",2025-10-21 21:59:33
GRB20230925C,2023-09-25,2.6679041250475986,1228,110.29-872427784.39 GeV,-0.8539392295170646,0.0,57.458946579214576,0.12989621676434757,4.9556669127613455e-06,4.587086520379796,0.2403984883982667,40,0.0007,1.525760061756713e+17,0.012506230014399286,Strong,True,"[{'time_segment': 8, 'correlation': -0.47404174853839876, 'photon_count': 1226}]",2025-10-21 21:59:36
GRB20231026D,2023-10-26,3.1212737452474633,805,148.38-374919.37 GeV,-0.6422060780845061,8.295525161890658e-95,23.741156851659095,0.01770008058132653,0.6160510511677313,0.5016502782944375,0.012304039509489363,408,0.0016,3.349529024243602e+18,0.27455155936422965,Strong,True,"[{'time_segment': 7, 'correlation': -0.4398142707120813, 'photon_count': 799}]",2025-10-21 21:59:40
GRB20231127E,2023-11-27,0.7018046356259037,1245,60.12-13067708277.53 GeV,0.9999992286293542,0.0,inf,0.10112735137439613,0.0003518178594127521,3.5837387205999254,0.17214843806780608,330,0.0011,9.885681535812682e+16,0.008103017652305478,Strong,True,"[{'time_segment': 0, 'correlation': -0.8117002378528959, 'photon_count': 1244}]",2025-10-21 21:59:43
GRB20231228F,2023-12-28,0.1848774270202034,1930,63.96-108992.82 GeV,-0.18609452192580736,1.6898549408225533e-16,8.31649762692544,0.02851806530952057,0.21046349523255428,1.2527091437142248,-0.09156029394712172,980,0.0022,1.2940952632857413e+17,0.010607338223653617,Strong,True,"[{'time_segment': 4, 'correlation': -0.3528650925478195, 'photon_count': 602}, {'time_segment': 5, 'correlation': 0.26470232871311294, 'photon_count': 1325}]",2025-10-21 21:59:47
GRB20230101G,2023-01-01,3.057420366877145,1492,131.36-54181750.23 GeV,0.9973997383733807,0.0,534.2215048625145,0.08027897637274113,0.0019137561874087155,3.108844081288066,0.05018706105241672,768,0.0,8.084594478723242e+17,0.06626716785838724,Strong,True,"[{'time_segment': 0, 'correlation': 0.44131655028942135, 'photon_count': 1491}]",2025-10-21 21:59:50
GRB20230202H,2023-02-02,2.9183570666576233,3143,111.00-664635438.30 GeV,-0.9290082018634892,0.0,140.69620750483907,0.17837022695996296,6.996312842361298e-24,10.159617758439818,0.03332092523661875,1597,0.0005,1.175944857122833e+18,0.09638892271498631,Strong,True,"[{'time_segment': 7, 'correlation': 0.42355332055907063, 'photon_count': 3141}]",2025-10-21 21:59:53
GRB20240303I,2024-03-03,3.028586028382413,2350,90.41-1411930484.42 GeV,-0.022848916567702705,0.26820852786536314,1.1074600138236221,-0.06490200672449965,0.001644554215807292,3.1515469846366977,-1.7736940396698476e-07,1182,0.3509,2.271297043503787e+23,18617.188881178583,None,False,"[{'time_segment': 0, 'correlation': 0.05461994184746234, 'photon_count': 198}, {'time_segment': 1, 'correlation': 0.09785166888298744, 'photon_count': 237}, {'time_segment': 2, 'correlation': 0.03509250236199965, 'photon_count': 245}, {'time_segment': 3, 'correlation': 0.11052772639343654, 'photon_count': 248}, {'time_segment': 4, 'correlation': -0.03716519961659559, 'photon_count': 225}, {'time_segment': 5, 'correlation': -0.013794125074054999, 'photon_count': 231}, {'time_segment': 6, 'correlation': 0.05444404155334708, 'photon_count': 255}, {'time_segment': 7, 'correlation': -0.02264090112725633, 'photon_count': 227}, {'time_segment': 8, 'correlation': -0.03497316485976704, 'photon_count': 259}, {'time_segment': 9, 'correlation': 0.029182315430498155, 'photon_count': 224}]",2025-10-21 21:59:57
GRB20240404J,2024-04-04,0.340399371957352,3734,70.31-10397.74 GeV,0.14717908188647097,1.5688581216047767e-19,9.090177743089187,0.05835515858698192,0.0003600956087663672,3.5710077269323106,-0.04607172308615127,1896,0.0005,2.909375387264957e+17,0.023847339239876694,Strong,True,"[{'time_segment': 2, 'correlation': -0.04332667420766658, 'photon_count': 2523}, {'time_segment': 3, 'correlation': 0.5921067221192231, 'photon_count': 1200}]",2025-10-21 22:00:01
GRB20240505K,2024-05-05,0.9539123652661572,1141,198.85-93138.76 GeV,0.5507431350931817,1.737650939357811e-91,22.268638224883656,0.01694118506219025,0.5675490497175952,0.5718313741146652,-0.11836805032663664,601,0.0001,1.650709258008674e+17,0.013530403754169458,Strong,True,"[{'time_segment': 2, 'correlation': -0.5715433363912595, 'photon_count': 595}, {'time_segment': 3, 'correlation': 0.8948735112374289, 'photon_count': 541}]",2025-10-21 22:00:04
GRB20240606L,2024-06-06,3.1989085340036265,3182,36.65-528530.89 GeV,0.8998289405847046,0.0,116.31751997454033,0.01136363707681446,0.521663859175217,0.6408537908106003,0.10030033015485623,1624,0.0,4.186335705496507e+17,0.034314227094233665,Strong,True,"[{'time_segment': 1, 'correlation': -0.1394898208012384, 'photon_count': 3177}]",2025-10-21 22:00:11
GRB20240707M,2024-07-07,3.425377582562169,4948,77.08-244897.52 GeV,-0.5417581598674128,0.0,45.329091968814375,0.025853140872716562,0.06900200508405388,1.818802552913648,-0.13313415779266255,2503,0.0001,3.323998631105672e+17,0.02724589041889895,Strong,True,"[{'time_segment': 7, 'correlation': 0.019494114998381582, 'photon_count': 4941}]",2025-10-21 22:00:17
GRB20240808N,2024-08-08,2.7829679125231994,896,72.98-449805.57 GeV,0.035771931097141774,0.28479127141152677,1.0702597458662149,0.03282998729470675,0.32629632102898254,0.9821405523287969,-0.006578755731840083,447,0.0279,5.75027872552596e+18,0.4713343217644229,None,True,"[{'time_segment': 2, 'correlation': -0.6030831140281581, 'photon_count': 852}, {'time_segment': 3, 'correlation': 0.7397764449005411, 'photon_count': 40}]",2025-10-21 22:00:19
GRB20240909O,2024-09-09,0.4992816619411823,668,43.94-7382.51 GeV,0.29311033962191263,1.0594704009587884e-14,7.911788087863959,0.025983436948854594,0.5025929827352309,0.670780401804301,0.12006074660580932,352,0.0,1.2487692308492085e+17,0.010235813367616463,Strong,True,"[{'time_segment': 0, 'correlation': -0.8036778693935989, 'photon_count': 43}, {'time_segment': 1, 'correlation': -0.14621637126678189, 'photon_count': 225}, {'time_segment': 2, 'correlation': -0.009703048532140268, 'photon_count': 215}, {'time_segment': 3, 'correlation': -0.08827640035408, 'photon_count': 183}]",2025-10-21 22:00:22
GRB20241010P,2024-10-10,0.1600230893693397,281,91.10-2142512.56 GeV,-0.037888969246270124,0.5270400241488624,0.6333253140830293,0.013922270657335393,0.8162655995265385,0.23257030784629654,-4.1549628175614476e-05,149,0.59,2.791897642179524e+20,22.884406903110854,None,False,"[{'time_segment': 0, 'correlation': -0.043004824018557306, 'photon_count': 28}, {'time_segment': 1, 'correlation': -0.2073008756639824, 'photon_count': 23}, {'time_segment': 2, 'correlation': -0.03863416797355665, 'photon_count': 25}, {'time_segment': 3, 'correlation': 0.07497676779064845, 'photon_count': 34}, {'time_segment': 4, 'correlation': 0.1374981771842571, 'photon_count': 30}, {'time_segment': 5, 'correlation': 0.024670021998303353, 'photon_count': 36}, {'time_segment': 6, 'correlation': 0.48101700286355953, 'photon_count': 26}, {'time_segment': 7, 'correlation': -0.07134628713251755, 'photon_count': 34}, {'time_segment': 8, 'correlation': -0.21493731849805536, 'photon_count': 15}, {'time_segment': 9, 'correlation': 0.07052995454872225, 'photon_count': 29}]",2025-10-21 22:00:24
GRB20241111Q,2024-11-11,1.312363381098838,1727,105.29-50426.03 GeV,0.47413254892665424,1.6798965432933023e-97,22.365978701491812,0.003943867754010125,0.869905888189964,0.16380240389212225,-0.1045345038003922,887,0.0004,2.2120575475388278e+17,0.01813161924212154,Strong,True,"[{'time_segment': 1, 'correlation': -0.24172418764194586, 'photon_count': 14}, {'time_segment': 2, 'correlation': 0.09065634784151774, 'photon_count': 1707}]",2025-10-21 22:00:27
GRB20241212R,2024-12-12,2.65387982442165,682,175.17-5680380.08 GeV,0.9796500264889655,0.0,127.27680850910737,0.01352674075560488,0.7243728030234287,0.3527665182742753,-0.05178545444975328,353,0.0,7.055803339462743e+17,0.05783445360215363,Strong,True,"[{'time_segment': 0, 'correlation': 0.16807840732983748, 'photon_count': 680}]",2025-10-21 22:00:30
GRB20240113S,2024-01-13,0.11187411360722249,3800,135.40-161615.82 GeV,0.010073660222595019,0.5347354543685475,0.6208501858300788,-0.01782987752867646,0.2718408258725725,1.098992891511554,0.0011574965861611537,1913,0.5424,9.605852206396234e+18,0.787364934950511,None,False,"[{'time_segment': 0, 'correlation': 0.09105548996902488, 'photon_count': 401}, {'time_segment': 1, 'correlation': 0.0021630083708561072, 'photon_count': 372}, {'time_segment': 2, 'correlation': 0.008641288856123695, 'photon_count': 355}, {'time_segment': 3, 'correlation': 0.06595556197300194, 'photon_count': 383}, {'time_segment': 4, 'correlation': -0.07443274228333165, 'photon_count': 354}, {'time_segment': 5, 'correlation': -0.04225837584461859, 'photon_count': 369}, {'time_segment': 6, 'correlation': -0.014500474508218165, 'photon_count': 399}, {'time_segment': 7, 'correlation': 0.07908692919492037, 'photon_count': 383}, {'time_segment': 8, 'correlation': -0.08243110470982384, 'photon_count': 409}, {'time_segment': 9, 'correlation': -0.030371561593241166, 'photon_count': 374}]",2025-10-21 22:00:33
GRB20240214T,2024-02-14,0.636596142814245,980,107.21-6301466.99 GeV,-0.015470235573739747,0.6285946502758031,0.4838584502017303,0.049762837728732245,0.11951806869144725,1.558163270302655,-1.4139776366542221e-05,493,0.6469,1.1574413204205879e+21,94.87223937873671,None,False,"[{'time_segment': 0, 'correlation': 0.05170409534943834, 'photon_count': 109}, {'time_segment': 1, 'correlation': 0.053319083030332316, 'photon_count': 107}, {'time_segment': 2, 'correlation': 0.09948944959839082, 'photon_count': 86}, {'time_segment': 3, 'correlation': 0.15574917346669281, 'photon_count': 102}, {'time_segment': 4, 'correlation': -0.15748875929459408, 'photon_count': 99}, {'time_segment': 5, 'correlation': -0.09827739699725153, 'photon_count': 94}, {'time_segment': 6, 'correlation': -0.058497425841957426, 'photon_count': 104}, {'time_segment': 7, 'correlation': -0.026638670392075486, 'photon_count': 101}, {'time_segment': 8, 'correlation': 0.018433572963018882, 'photon_count': 87}, {'time_segment': 9, 'correlation': 0.14538329560400232, 'photon_count': 90}]",2025-10-21 22:00:36
GRB20240315U,2024-03-15,1.9020117827217056,4336,71.91-121590765.26 GeV,0.962529791192121,0.0,233.6724155542792,-0.00024098012708547462,0.9873432417821018,0.015864474653992666,0.023387923556298228,2117,0.0,1.2408163451262057e+18,0.10170625779722997,Strong,True,"[{'time_segment': 1, 'correlation': 0.24573428771464423, 'photon_count': 4328}]",2025-10-21 22:00:40
GRB20240416V,2024-04-16,2.2102923674594717,1622,38.60-5483.36 GeV,-0.02872231512310316,0.24763575571435048,1.156528033252024,0.006639672302583012,0.7893125874150118,0.2672475460063029,-0.005673893590851887,823,0.2633,5.658005946102831e+18,0.46377097918875665,None,False,"[{'time_segment': 0, 'correlation': -0.00461719841089356, 'photon_count': 164}, {'time_segment': 1, 'correlation': -0.054694239382991124, 'photon_count': 177}, {'time_segment': 2, 'correlation': -0.001933906275958939, 'photon_count': 164}, {'time_segment': 3, 'correlation': -0.11970917211644144, 'photon_count': 152}, {'time_segment': 4, 'correlation': -0.12699893994332892, 'photon_count': 159}, {'time_segment': 5, 'correlation': 0.07821188004271543, 'photon_count': 161}, {'time_segment': 6, 'correlation': -0.05070941993286011, 'photon_count': 141}, {'time_segment': 7, 'correlation': 0.019526714354089744, 'photon_count': 169}, {'time_segment': 8, 'correlation': -0.029550200981088463, 'photon_count': 175}, {'time_segment': 9, 'correlation': -0.031579816589555436, 'photon_count': 159}]",2025-10-21 22:00:43
