time,energy,observatory,grb_name,redshift,trigger_time,t90
1665321422.3157742,0.10837680977133596,AGILE,GRB090510,0.151,1665321419.0,600.0
1665321450.925061,0.13723439342962684,AGILE,GRB090510,0.151,1665321419.0,600.0
1665321445.5020266,0.1145245496164503,AGILE,GRB090510,0.151,1665321419.0,600.0
1665321463.1773045,0.14774816696899762,AGILE,GRB090510,0.151,1665321419.0,600.0
1665321456.8683197,0.16663930423227136,AGILE,GRB090510,0.151,1665321419.0,600.0
1665321525.389943,2.0283117478197252,AGILE,GRB090510,0.151,1665321419.0,600.0
1665321605.7943506,0.8713377397739479,AGILE,GRB090510,0.151,1665321419.0,600.0
1665321434.7347257,0.4417231918665535,AGILE,GRB090510,0.151,1665321419.0,600.0
1665321419.973297,0.24898888689298584,AGILE,GRB090510,0.151,1665321419.0,600.0
1665321424.9337952,0.6097813883652438,AGILE,GRB090510,0.151,1665321419.0,600.0
1665321590.7872357,0.24818071546437803,AGILE,GRB090510,0.151,1665321419.0,600.0
1665321447.3339708,0.1244245956166594,AGILE,GRB090510,0.151,1665321419.0,600.0
1665321575.2968488,1.1509766928235912,AGILE,GRB090510,0.151,1665321419.0,600.0
1665321479.625091,0.15023841851688088,AGILE,GRB090510,0.151,1665321419.0,600.0
1665321505.8635225,0.12870779901621204,AGILE,GRB090510,0.151,1665321419.0,600.0
1665321457.7625508,0.6937068101114106,AGILE,GRB090510,0.151,1665321419.0,600.0
1665321426.2102861,0.21035830105142567,AGILE,GRB090510,0.151,1665321419.0,600.0
1665321470.56572,0.16376394982258136,AGILE,GRB090510,0.151,1665321419.0,600.0
1665321445.7543976,0.35833259894291,AGILE,GRB090510,0.151,1665321419.0,600.0
1665321449.59448,0.10278890863719384,AGILE,GRB090510,0.151,1665321419.0,600.0
1665321485.9453573,0.22574323039381908,AGILE,GRB090510,0.151,1665321419.0,600.0
1665321517.0612323,0.33846891739915047,AGILE,GRB090510,0.151,1665321419.0,600.0
1665321526.0049083,0.21613441747580692,AGILE,GRB090510,0.151,1665321419.0,600.0
1665321741.0212586,0.2599668361267446,AGILE,GRB090510,0.151,1665321419.0,600.0
1665321451.8736134,0.16039336946708294,AGILE,GRB090510,0.151,1665321419.0,600.0
1665321455.0467913,0.10149616816478804,AGILE,GRB090510,0.151,1665321419.0,600.0
1665321480.5977886,0.1097577580862454,AGILE,GRB090510,0.151,1665321419.0,600.0
1665321579.9757702,0.36445807715409073,AGILE,GRB090510,0.151,1665321419.0,600.0
1665321468.6415312,3.017930897226586,AGILE,GRB090510,0.151,1665321419.0,600.0
1665321431.8113546,0.2422901188695654,AGILE,GRB090510,0.151,1665321419.0,600.0
1665321531.7821977,0.21885067051775767,AGILE,GRB090510,0.151,1665321419.0,600.0
1665321432.1628098,0.24256768165720166,AGILE,GRB090510,0.151,1665321419.0,600.0
1665321431.1571875,0.2724501904564241,AGILE,GRB090510,0.151,1665321419.0,600.0
1665321549.4581003,0.1249682755250188,AGILE,GRB090510,0.151,1665321419.0,600.0
1665321522.6022494,0.30833252136018824,AGILE,GRB090510,0.151,1665321419.0,600.0
1665321501.053864,0.8883730572641609,AGILE,GRB090510,0.151,1665321419.0,600.0
1665321523.7299006,0.20686430848453174,AGILE,GRB090510,0.151,1665321419.0,600.0
1665321451.4168422,0.3056509730430643,AGILE,GRB090510,0.151,1665321419.0,600.0
1665321460.9454136,0.9590059906159528,AGILE,GRB090510,0.151,1665321419.0,600.0
1665321447.8517313,0.4529542272120895,AGILE,GRB090510,0.151,1665321419.0,600.0
1665321478.643474,0.492209388803583,AGILE,GRB090510,0.151,1665321419.0,600.0
1665321488.821689,0.11675773270966545,AGILE,GRB090510,0.151,1665321419.0,600.0
1665321425.5867467,0.11340272910393545,AGILE,GRB090510,0.151,1665321419.0,600.0
1665321436.3998404,1.2222006308109927,AGILE,GRB090510,0.151,1665321419.0,600.0
1665321547.7052472,0.16139064898489303,AGILE,GRB090510,0.151,1665321419.0,600.0
1665321449.3344061,3.2992433663491205,AGILE,GRB090510,0.151,1665321419.0,600.0
1665321426.2387156,0.36161606324587536,AGILE,GRB090510,0.151,1665321419.0,600.0
1665321450.3467846,0.11765209495603109,AGILE,GRB090510,0.151,1665321419.0,600.0
1665321488.799823,0.3278567458579479,AGILE,GRB090510,0.151,1665321419.0,600.0
1665321526.1423628,0.15956314393415802,AGILE,GRB090510,0.151,1665321419.0,600.0
1665321420.5883336,0.13577053115702495,AGILE,GRB090510,0.151,1665321419.0,600.0
1665321450.8432872,0.17952682893043892,AGILE,GRB090510,0.151,1665321419.0,600.0
1665321448.2833405,0.13005036655695065,AGILE,GRB090510,0.151,1665321419.0,600.0
1665321467.6808214,0.1500137115653799,AGILE,GRB090510,0.151,1665321419.0,600.0
1665321647.6654928,0.7826687432043369,AGILE,GRB090510,0.151,1665321419.0,600.0
1665321459.7628179,0.32640835659377565,AGILE,GRB090510,0.151,1665321419.0,600.0
1665321467.0748146,0.49983678489365135,AGILE,GRB090510,0.151,1665321419.0,600.0
1665321482.033537,1.4993736032546137,AGILE,GRB090510,0.151,1665321419.0,600.0
1665321471.6136549,0.3101234815376732,AGILE,GRB090510,0.151,1665321419.0,600.0
1665321430.0464773,0.23077077009686142,AGILE,GRB090510,0.151,1665321419.0,600.0
1665321522.021568,2.0845827046754986,AGILE,GRB090510,0.151,1665321419.0,600.0
1665321486.6141412,1.210423238985809,AGILE,GRB090510,0.151,1665321419.0,600.0
1665321612.0769358,0.5397629223199475,AGILE,GRB090510,0.151,1665321419.0,600.0
1665321459.8095758,0.1925971166566108,AGILE,GRB090510,0.151,1665321419.0,600.0
1665321542.4421315,0.21080314548889623,AGILE,GRB090510,0.151,1665321419.0,600.0
1665321425.4138677,0.1222696161640035,AGILE,GRB090510,0.151,1665321419.0,600.0
1665321452.456157,0.11830096659694936,AGILE,GRB090510,0.151,1665321419.0,600.0
1665321527.465082,0.8647358154466634,AGILE,GRB090510,0.151,1665321419.0,600.0
1665321470.5306535,0.18816693049461464,AGILE,GRB090510,0.151,1665321419.0,600.0
1665321579.6721716,0.11913535273451939,AGILE,GRB090510,0.151,1665321419.0,600.0
1665321460.6874685,0.16048046487289935,AGILE,GRB090510,0.151,1665321419.0,600.0
1665321445.0084593,0.554649212280659,AGILE,GRB090510,0.151,1665321419.0,600.0
1665321529.3160203,0.19685200070119646,AGILE,GRB090510,0.151,1665321419.0,600.0
1665321455.5925817,0.11044174437605636,AGILE,GRB090510,0.151,1665321419.0,600.0
1665321457.0124798,0.5656183527227497,AGILE,GRB090510,0.151,1665321419.0,600.0
1665321423.6996882,0.1260661716511867,AGILE,GRB090510,0.151,1665321419.0,600.0
1665321450.8351557,0.32434132838343355,AGILE,GRB090510,0.151,1665321419.0,600.0
1665321467.8855305,0.2924134141773264,AGILE,GRB090510,0.151,1665321419.0,600.0
1665321445.5758321,0.2948291633247162,AGILE,GRB090510,0.151,1665321419.0,600.0
1665321509.6250975,0.2654182070156898,AGILE,GRB090510,0.151,1665321419.0,600.0
1665321423.5346484,0.11576474486188558,AGILE,GRB090510,0.151,1665321419.0,600.0
1665321508.72884,0.14860546650866402,AGILE,GRB090510,0.151,1665321419.0,600.0
1665321541.1312206,4.823993556120848,AGILE,GRB090510,0.151,1665321419.0,600.0
1665321479.8800123,0.10247232561570992,AGILE,GRB090510,0.151,1665321419.0,600.0
1665321432.919299,2.1133938453661574,AGILE,GRB090510,0.151,1665321419.0,600.0
1665321448.027829,0.33479736847939584,AGILE,GRB090510,0.151,1665321419.0,600.0
1665321479.9940968,0.6224874733969963,AGILE,GRB090510,0.151,1665321419.0,600.0
1665321419.3524601,0.13683384850703093,AGILE,GRB090510,0.151,1665321419.0,600.0
1665321619.5108542,0.10692662954105468,AGILE,GRB090510,0.151,1665321419.0,600.0
1665321754.882056,0.18618262925777476,AGILE,GRB090510,0.151,1665321419.0,600.0
1665321435.9985726,0.3404923666011521,AGILE,GRB090510,0.151,1665321419.0,600.0
1665321474.1744053,0.4819841408298242,AGILE,GRB090510,0.151,1665321419.0,600.0
1665321448.173379,0.2688563762367513,AGILE,GRB090510,0.151,1665321419.0,600.0
1665321423.2073066,0.8033383299161125,AGILE,GRB090510,0.151,1665321419.0,600.0
1665321420.1111684,0.24083902877950447,AGILE,GRB090510,0.151,1665321419.0,600.0
1665321444.890242,0.13079020591640886,AGILE,GRB090510,0.151,1665321419.0,600.0
1665321446.967528,0.11697315209413944,AGILE,GRB090510,0.151,1665321419.0,600.0
1665321419.408293,0.13383929978427972,AGILE,GRB090510,0.151,1665321419.0,600.0
1665321468.9732747,1.4253902914059944,AGILE,GRB090510,0.151,1665321419.0,600.0
1665321610.7961075,0.10790316612723655,AGILE,GRB090510,0.151,1665321419.0,600.0
1665321424.9278092,0.3450590641649146,AGILE,GRB090510,0.151,1665321419.0,600.0
1665321420.9585207,0.17993001543395393,AGILE,GRB090510,0.151,1665321419.0,600.0
1665321422.4984756,0.13082777504316034,AGILE,GRB090510,0.151,1665321419.0,600.0
1665321436.1425254,0.14044046344212174,AGILE,GRB090510,0.151,1665321419.0,600.0
1665321433.8205574,0.337127038189261,AGILE,GRB090510,0.151,1665321419.0,600.0
1665321504.1357012,0.3991924409002585,AGILE,GRB090510,0.151,1665321419.0,600.0
1665321426.9424586,0.2157092279764542,AGILE,GRB090510,0.151,1665321419.0,600.0
1665321495.6766393,0.13987216883829165,AGILE,GRB090510,0.151,1665321419.0,600.0
1665321428.7218351,0.14929983792766208,AGILE,GRB090510,0.151,1665321419.0,600.0
1665321429.9603689,0.12155559424184854,AGILE,GRB090510,0.151,1665321419.0,600.0
1665321456.5320113,0.873566359248968,AGILE,GRB090510,0.151,1665321419.0,600.0
1665321430.4508445,0.16427494180261526,AGILE,GRB090510,0.151,1665321419.0,600.0
1665321481.2539659,0.246301403716919,AGILE,GRB090510,0.151,1665321419.0,600.0
1665321449.1626663,0.9338710158110287,AGILE,GRB090510,0.151,1665321419.0,600.0
1665321506.552949,0.10659395562685142,AGILE,GRB090510,0.151,1665321419.0,600.0
1665321464.8497717,0.1280898240358531,AGILE,GRB090510,0.151,1665321419.0,600.0
1665321432.678819,0.2881980968782755,AGILE,GRB090510,0.151,1665321419.0,600.0
1665321599.1885,0.10029403524671049,AGILE,GRB090510,0.151,1665321419.0,600.0
1665321423.5993075,0.1638803654843754,AGILE,GRB090510,0.151,1665321419.0,600.0
1665321463.4642198,0.3220421780666354,AGILE,GRB090510,0.151,1665321419.0,600.0
1665321433.7118087,0.1900210588846872,AGILE,GRB090510,0.151,1665321419.0,600.0
1665321526.0260642,3.3764602853445354,AGILE,GRB090510,0.151,1665321419.0,600.0
1665321449.8581889,0.20859424806876903,AGILE,GRB090510,0.151,1665321419.0,600.0
1665321436.4553227,0.21965217168705903,AGILE,GRB090510,0.151,1665321419.0,600.0
1665321488.3255801,0.10023469929080715,AGILE,GRB090510,0.151,1665321419.0,600.0
1665321431.7342496,0.28129289870577484,AGILE,GRB090510,0.151,1665321419.0,600.0
1665321502.8717268,0.23471008614274025,AGILE,GRB090510,0.151,1665321419.0,600.0
1665321457.191532,0.43209003752258374,AGILE,GRB090510,0.151,1665321419.0,600.0
1665321462.2974975,0.4478934088353853,AGILE,GRB090510,0.151,1665321419.0,600.0
1665321435.6840434,0.3199421178669717,AGILE,GRB090510,0.151,1665321419.0,600.0
1665321472.6475053,0.40602398592562666,AGILE,GRB090510,0.151,1665321419.0,600.0
1665321544.4886513,0.24233701334906113,AGILE,GRB090510,0.151,1665321419.0,600.0
1665321534.4373019,0.40326991998112655,AGILE,GRB090510,0.151,1665321419.0,600.0
1665321421.3849554,0.45345447250198045,AGILE,GRB090510,0.151,1665321419.0,600.0
1665321425.4832954,1.8858980959398832,AGILE,GRB090510,0.151,1665321419.0,600.0
1665321452.776652,0.2760608999692806,AGILE,GRB090510,0.151,1665321419.0,600.0
1665321501.7856572,0.2630218009078302,AGILE,GRB090510,0.151,1665321419.0,600.0
1665321524.0429187,0.336421932161612,AGILE,GRB090510,0.151,1665321419.0,600.0
1665321509.149862,0.12662787686151805,AGILE,GRB090510,0.151,1665321419.0,600.0
1665321483.618986,0.12284370024589363,AGILE,GRB090510,0.151,1665321419.0,600.0
1665321427.1011987,0.10368604348688044,AGILE,GRB090510,0.151,1665321419.0,600.0
1665321515.3542147,0.11159139534040748,AGILE,GRB090510,0.151,1665321419.0,600.0
1665321490.0649898,0.3013870541185091,AGILE,GRB090510,0.151,1665321419.0,600.0
1665321479.8499742,0.13085211516748627,AGILE,GRB090510,0.151,1665321419.0,600.0
1665321552.73411,0.1189881348010266,AGILE,GRB090510,0.151,1665321419.0,600.0
1665321474.6254218,0.30124590050279587,AGILE,GRB090510,0.151,1665321419.0,600.0
1665321427.6348753,0.11513119560329038,AGILE,GRB090510,0.151,1665321419.0,600.0
1665321453.7789595,0.2196454301606055,AGILE,GRB090510,0.151,1665321419.0,600.0
1665321441.3687456,0.10607131137707196,AGILE,GRB090510,0.151,1665321419.0,600.0
1665321439.817366,0.8392916247417337,AGILE,GRB090510,0.151,1665321419.0,600.0
1665321448.0528913,0.9716630804885429,AGILE,GRB090510,0.151,1665321419.0,600.0
1665321482.1419926,0.6031989649965116,AGILE,GRB090510,0.151,1665321419.0,600.0
1665321467.8899949,0.20519511529192705,AGILE,GRB090510,0.151,1665321419.0,600.0
1665321470.4263494,0.1087562241534559,AGILE,GRB090510,0.151,1665321419.0,600.0
1665321466.131852,1.7354948720910621,AGILE,GRB090510,0.151,1665321419.0,600.0
1665321657.239812,0.6255644978091702,AGILE,GRB090510,0.151,1665321419.0,600.0
1665321467.079156,0.1547960517657324,AGILE,GRB090510,0.151,1665321419.0,600.0
1665321426.7733548,0.11984063139969997,AGILE,GRB090510,0.151,1665321419.0,600.0
1665321489.891348,0.5494076341625823,AGILE,GRB090510,0.151,1665321419.0,600.0
1665321446.3506408,0.3334674284210728,AGILE,GRB090510,0.151,1665321419.0,600.0
1665321484.8098416,0.2018762538418454,AGILE,GRB090510,0.151,1665321419.0,600.0
1665321459.7881708,0.40878614157698157,AGILE,GRB090510,0.151,1665321419.0,600.0
1665321420.1225877,0.18521554159185194,AGILE,GRB090510,0.151,1665321419.0,600.0
1665321457.3136265,0.3517152333409652,AGILE,GRB090510,0.151,1665321419.0,600.0
1665321501.9673622,0.12424177173731332,AGILE,GRB090510,0.151,1665321419.0,600.0
1665321434.9948719,0.10026163978267078,AGILE,GRB090510,0.151,1665321419.0,600.0
1665321426.529693,0.12463501868642186,AGILE,GRB090510,0.151,1665321419.0,600.0
1665321428.2295897,0.1776842261526345,AGILE,GRB090510,0.151,1665321419.0,600.0
1665321433.815173,0.4398045774017314,AGILE,GRB090510,0.151,1665321419.0,600.0
1665321484.1773212,0.2933140854148864,AGILE,GRB090510,0.151,1665321419.0,600.0
1665321486.2115388,0.27866581187979833,AGILE,GRB090510,0.151,1665321419.0,600.0
1665321574.1706543,1.0618661995145104,AGILE,GRB090510,0.151,1665321419.0,600.0
1665321650.1497602,0.32207271965227935,AGILE,GRB090510,0.151,1665321419.0,600.0
1665321419.8970406,0.10006827177712761,AGILE,GRB090510,0.151,1665321419.0,600.0
1665321439.2354324,0.2414275861458089,AGILE,GRB090510,0.151,1665321419.0,600.0
1665321447.2995372,2.1017940941989406,AGILE,GRB090510,0.151,1665321419.0,600.0
1665321550.9546957,0.31511185877035497,AGILE,GRB090510,0.151,1665321419.0,600.0
1665321468.243085,0.10727219734536622,AGILE,GRB090510,0.151,1665321419.0,600.0
1665321504.2101648,0.22493081661736977,AGILE,GRB090510,0.151,1665321419.0,600.0
1665321424.6751506,0.12960152237696268,AGILE,GRB090510,0.151,1665321419.0,600.0
1665321424.2799501,0.6450402629837487,AGILE,GRB090510,0.151,1665321419.0,600.0
1665321421.519979,0.3205303784203062,AGILE,GRB090510,0.151,1665321419.0,600.0
1665321424.7081304,0.16741510749682537,AGILE,GRB090510,0.151,1665321419.0,600.0
1665321442.5683205,0.4157993928826799,AGILE,GRB090510,0.151,1665321419.0,600.0
1665321448.6534626,0.6418408433011871,AGILE,GRB090510,0.151,1665321419.0,600.0
1665321420.6050718,0.12141954958547659,AGILE,GRB090510,0.151,1665321419.0,600.0
1665321474.499088,1.4872404204490612,AGILE,GRB090510,0.151,1665321419.0,600.0
1665321483.5409403,0.22720957234279307,AGILE,GRB090510,0.151,1665321419.0,600.0
1665321424.3897464,0.10690067244826769,AGILE,GRB090510,0.151,1665321419.0,600.0
1665321523.4691963,1.5124201223200902,AGILE,GRB090510,0.151,1665321419.0,600.0
1665321425.1171143,0.29325592750651996,AGILE,GRB090510,0.151,1665321419.0,600.0
1665321419.6348999,0.20868295426487937,AGILE,GRB090510,0.151,1665321419.0,600.0
1665321449.57496,0.1266765986255073,AGILE,GRB090510,0.151,1665321419.0,600.0
1665321430.769278,1.2320688279778391,AGILE,GRB090510,0.151,1665321419.0,600.0
1665321500.232533,0.1158213915430199,AGILE,GRB090510,0.151,1665321419.0,600.0
1665321602.6613026,0.2050361576377184,AGILE,GRB090510,0.151,1665321419.0,600.0
1665321419.3441257,0.8506513316585367,AGILE,GRB090510,0.151,1665321419.0,600.0
1665321528.3573036,0.11116465537577047,AGILE,GRB090510,0.151,1665321419.0,600.0
1665321453.7058122,0.14197743936690654,AGILE,GRB090510,0.151,1665321419.0,600.0
1665321455.5815997,0.1612593891664914,AGILE,GRB090510,0.151,1665321419.0,600.0
1665321481.0922823,3.760356086700785,AGILE,GRB090510,0.151,1665321419.0,600.0
1665321492.2810755,0.12867725564683874,AGILE,GRB090510,0.151,1665321419.0,600.0
1665321433.3815367,0.16931018029368547,AGILE,GRB090510,0.151,1665321419.0,600.0
1665321527.7990298,0.11444464930671244,AGILE,GRB090510,0.151,1665321419.0,600.0
1665321441.802912,0.1638813184119592,AGILE,GRB090510,0.151,1665321419.0,600.0
1665321444.131127,0.11237370479081164,AGILE,GRB090510,0.151,1665321419.0,600.0
1665321477.2744935,0.10674905626515363,AGILE,GRB090510,0.151,1665321419.0,600.0
1665321466.145067,0.10217586113403015,AGILE,GRB090510,0.151,1665321419.0,600.0
1665321431.9582639,0.143319606049904,AGILE,GRB090510,0.151,1665321419.0,600.0
1665321421.9781315,1.0462218154702145,AGILE,GRB090510,0.151,1665321419.0,600.0
1665321478.5422313,0.13726408004667728,AGILE,GRB090510,0.151,1665321419.0,600.0
1665321468.7963734,0.14370101412596936,AGILE,GRB090510,0.151,1665321419.0,600.0
1665321497.4427915,2.735894107356676,AGILE,GRB090510,0.151,1665321419.0,600.0
1665321424.2848907,17.2931759385227,AGILE,GRB090510,0.151,1665321419.0,600.0
1665321501.528596,0.11784691870926554,AGILE,GRB090510,0.151,1665321419.0,600.0
1665321433.1483262,0.14598070340779207,AGILE,GRB090510,0.151,1665321419.0,600.0
1665321456.70745,0.44613543309978243,AGILE,GRB090510,0.151,1665321419.0,600.0
1665321487.7646332,0.8438238339070495,AGILE,GRB090510,0.151,1665321419.0,600.0
1665321422.0702956,0.526318975690545,AGILE,GRB090510,0.151,1665321419.0,600.0
1665321420.1620138,0.47494984176218824,AGILE,GRB090510,0.151,1665321419.0,600.0
1665321462.981861,0.17189267980453304,AGILE,GRB090510,0.151,1665321419.0,600.0
1665321460.527706,0.1041063391344784,AGILE,GRB090510,0.151,1665321419.0,600.0
1665321438.8019462,0.1544594085147901,AGILE,GRB090510,0.151,1665321419.0,600.0
1665321468.12764,0.13638524146547568,AGILE,GRB090510,0.151,1665321419.0,600.0
1665321437.7838879,0.12118770850430596,AGILE,GRB090510,0.151,1665321419.0,600.0
1665321437.7224948,0.16344953543568494,AGILE,GRB090510,0.151,1665321419.0,600.0
1665321701.5253637,0.1908510922818752,AGILE,GRB090510,0.151,1665321419.0,600.0
1665321477.7906249,0.11765513547510674,AGILE,GRB090510,0.151,1665321419.0,600.0
1665321432.050253,0.24804078232249005,AGILE,GRB090510,0.151,1665321419.0,600.0
1665321432.5088744,0.15815307671023823,AGILE,GRB090510,0.151,1665321419.0,600.0
1665321483.6229646,0.12571649101321591,AGILE,GRB090510,0.151,1665321419.0,600.0
1665321457.6425462,0.11778899767355405,AGILE,GRB090510,0.151,1665321419.0,600.0
1665321450.6060183,0.1925745943919662,AGILE,GRB090510,0.151,1665321419.0,600.0
1665321424.700599,0.31046332339119354,AGILE,GRB090510,0.151,1665321419.0,600.0
1665321482.1980345,0.43762600966597803,AGILE,GRB090510,0.151,1665321419.0,600.0
1665321475.544068,0.13336620066514004,AGILE,GRB090510,0.151,1665321419.0,600.0
1665321484.6932962,0.13461560584021193,AGILE,GRB090510,0.151,1665321419.0,600.0
1665321427.978556,0.33906982167620553,AGILE,GRB090510,0.151,1665321419.0,600.0
1665321501.0363038,0.3341215064296463,AGILE,GRB090510,0.151,1665321419.0,600.0
1665321453.9947307,0.11253036198208013,AGILE,GRB090510,0.151,1665321419.0,600.0
1665321499.212615,0.10833080231253829,AGILE,GRB090510,0.151,1665321419.0,600.0
1665321455.030404,0.1983729510176525,AGILE,GRB090510,0.151,1665321419.0,600.0
1665321421.523585,0.19379724578529553,AGILE,GRB090510,0.151,1665321419.0,600.0
1665321441.247348,0.11404690256412858,AGILE,GRB090510,0.151,1665321419.0,600.0
1665321446.7926104,0.2506169262609103,AGILE,GRB090510,0.151,1665321419.0,600.0
1665321529.1992583,0.6315360194480779,AGILE,GRB090510,0.151,1665321419.0,600.0
1665321538.7680058,1.1221096211005042,AGILE,GRB090510,0.151,1665321419.0,600.0
1665321431.714601,0.10824491416795651,AGILE,GRB090510,0.151,1665321419.0,600.0
1665321469.9503653,0.13295792010883456,AGILE,GRB090510,0.151,1665321419.0,600.0
1665321424.7512238,0.13140921092316565,AGILE,GRB090510,0.151,1665321419.0,600.0
1665321714.5235965,0.21008982141277033,AGILE,GRB090510,0.151,1665321419.0,600.0
1665321469.2287645,0.14013005529088035,AGILE,GRB090510,0.151,1665321419.0,600.0
1665321420.9526143,0.29353058620209255,AGILE,GRB090510,0.151,1665321419.0,600.0
1665321474.4841537,19.824264662632118,AGILE,GRB090510,0.151,1665321419.0,600.0
1665321426.3301063,0.3295397639941644,AGILE,GRB090510,0.151,1665321419.0,600.0
1665321504.010858,0.24006234063791082,AGILE,GRB090510,0.151,1665321419.0,600.0
1665321439.7470713,0.8563398706146805,AGILE,GRB090510,0.151,1665321419.0,600.0
1665321456.6145105,0.17125442596590953,AGILE,GRB090510,0.151,1665321419.0,600.0
1665321425.3159065,0.209025943540857,AGILE,GRB090510,0.151,1665321419.0,600.0
1665321443.3022034,0.7639742246629476,AGILE,GRB090510,0.151,1665321419.0,600.0
1665321434.5845616,0.1276615847084497,AGILE,GRB090510,0.151,1665321419.0,600.0
1665321449.1472232,0.3582834205675077,AGILE,GRB090510,0.151,1665321419.0,600.0
1665321512.180423,0.1069856354233793,AGILE,GRB090510,0.151,1665321419.0,600.0
1665321570.7013083,0.10891618196479419,AGILE,GRB090510,0.151,1665321419.0,600.0
1665321489.2698088,3.679737741070649,AGILE,GRB090510,0.151,1665321419.0,600.0
1665321505.4192827,0.18389409027783155,AGILE,GRB090510,0.151,1665321419.0,600.0
1665321535.2203784,0.28648801414589936,AGILE,GRB090510,0.151,1665321419.0,600.0
1665321422.5838885,0.5156619248142754,AGILE,GRB090510,0.151,1665321419.0,600.0
1665321449.0828738,0.13323418418683758,AGILE,GRB090510,0.151,1665321419.0,600.0
1665321540.5410028,0.2258563810693601,AGILE,GRB090510,0.151,1665321419.0,600.0
1665321531.5493395,1.0697965547796668,AGILE,GRB090510,0.151,1665321419.0,600.0
1665321530.3337123,0.13624411886179444,AGILE,GRB090510,0.151,1665321419.0,600.0
1665321432.7555091,0.12626758461543527,AGILE,GRB090510,0.151,1665321419.0,600.0
1665321598.3657703,0.10694596193888745,AGILE,GRB090510,0.151,1665321419.0,600.0
1665321473.2789857,0.1585512690154981,AGILE,GRB090510,0.151,1665321419.0,600.0
1665321553.339355,0.11900683465966254,AGILE,GRB090510,0.151,1665321419.0,600.0
1665321434.6931384,0.16546174721530382,AGILE,GRB090510,0.151,1665321419.0,600.0
1665321421.0552053,0.719083035929868,AGILE,GRB090510,0.151,1665321419.0,600.0
1665321544.2775848,0.1036501029063244,AGILE,GRB090510,0.151,1665321419.0,600.0
1665321495.749308,0.38353069799093337,AGILE,GRB090510,0.151,1665321419.0,600.0
1665321513.0521882,0.5832314006878728,AGILE,GRB090510,0.151,1665321419.0,600.0
1665321420.2889426,0.2100514908393119,AGILE,GRB090510,0.151,1665321419.0,600.0
1665321439.8819172,0.659078733640689,AGILE,GRB090510,0.151,1665321419.0,600.0
1665321507.7214622,0.15834809897225127,AGILE,GRB090510,0.151,1665321419.0,600.0
1665321452.6694772,0.16953635009115653,AGILE,GRB090510,0.151,1665321419.0,600.0
1665321423.2738373,0.15015351708585215,AGILE,GRB090510,0.151,1665321419.0,600.0
1665321441.9774957,0.11129269197497271,AGILE,GRB090510,0.151,1665321419.0,600.0
1665321537.254754,0.10205054908788583,AGILE,GRB090510,0.151,1665321419.0,600.0
1665321435.1579833,0.25842553096523696,AGILE,GRB090510,0.151,1665321419.0,600.0
1665321430.9283183,0.30587547530125414,AGILE,GRB090510,0.151,1665321419.0,600.0
1665321475.0777452,0.43705719947665805,AGILE,GRB090510,0.151,1665321419.0,600.0
1665321442.9490988,0.3474632855574313,AGILE,GRB090510,0.151,1665321419.0,600.0
1665321445.0367045,0.49347587551926275,AGILE,GRB090510,0.151,1665321419.0,600.0
1665321536.1915894,0.10117649555391024,AGILE,GRB090510,0.151,1665321419.0,600.0
1665321540.928012,0.11600698827607754,AGILE,GRB090510,0.151,1665321419.0,600.0
1665321462.3364542,0.36142215879092326,AGILE,GRB090510,0.151,1665321419.0,600.0
1665321449.372836,0.6877409453670683,AGILE,GRB090510,0.151,1665321419.0,600.0
1665321452.3457487,0.25619125551313326,AGILE,GRB090510,0.151,1665321419.0,600.0
1665321440.0927768,0.5334211877006304,AGILE,GRB090510,0.151,1665321419.0,600.0
1665321527.3416908,0.1410389965379156,AGILE,GRB090510,0.151,1665321419.0,600.0
1665321431.9492252,0.2043250860814712,AGILE,GRB090510,0.151,1665321419.0,600.0
1665321439.4682906,0.5391250023194485,AGILE,GRB090510,0.151,1665321419.0,600.0
1665321552.9054317,0.1453696643658635,AGILE,GRB090510,0.151,1665321419.0,600.0
1665321572.6515334,0.12779173978021915,AGILE,GRB090510,0.151,1665321419.0,600.0
1665321442.1597033,0.1263551753484184,AGILE,GRB090510,0.151,1665321419.0,600.0
1665321450.3579698,0.12196571154810197,AGILE,GRB090510,0.151,1665321419.0,600.0
1665321457.629747,0.13980704932607677,AGILE,GRB090510,0.151,1665321419.0,600.0
1665321485.116693,0.11301313234256188,AGILE,GRB090510,0.151,1665321419.0,600.0
1665321507.7613423,1.702292294119484,AGILE,GRB090510,0.151,1665321419.0,600.0
1665321740.3557065,3.8664870356221517,AGILE,GRB090510,0.151,1665321419.0,600.0
1665321442.9292023,0.17846293673672362,AGILE,GRB090510,0.151,1665321419.0,600.0
1665321667.2038321,0.10353995987854557,AGILE,GRB090510,0.151,1665321419.0,600.0
1665321497.483556,0.11354115336258377,AGILE,GRB090510,0.151,1665321419.0,600.0
1665321508.7865548,0.27490643478062154,AGILE,GRB090510,0.151,1665321419.0,600.0
1665321515.3631508,0.16513536248899635,AGILE,GRB090510,0.151,1665321419.0,600.0
1665321436.3595326,1.252178140090015,AGILE,GRB090510,0.151,1665321419.0,600.0
1665321581.0704858,0.1662808331939162,AGILE,GRB090510,0.151,1665321419.0,600.0
1665321422.8049827,0.14838093668846591,AGILE,GRB090510,0.151,1665321419.0,600.0
1665321459.076938,0.10689341410013072,AGILE,GRB090510,0.151,1665321419.0,600.0
1665321486.2785566,0.15307708949299736,AGILE,GRB090510,0.151,1665321419.0,600.0
1665321524.8003752,0.1122432834757866,AGILE,GRB090510,0.151,1665321419.0,600.0
1665321420.4369795,0.27775688337825666,AGILE,GRB090510,0.151,1665321419.0,600.0
1665321499.1069813,0.20177700856002964,AGILE,GRB090510,0.151,1665321419.0,600.0
1665321423.9051123,0.254695842956508,AGILE,GRB090510,0.151,1665321419.0,600.0
1665321601.1039524,0.12974074815147976,AGILE,GRB090510,0.151,1665321419.0,600.0
1665321464.6140854,0.7706449458892506,AGILE,GRB090510,0.151,1665321419.0,600.0
1665321670.4229083,0.28688148148133397,AGILE,GRB090510,0.151,1665321419.0,600.0
1665321769.7675238,0.12526797018076327,AGILE,GRB090510,0.151,1665321419.0,600.0
1665321461.0811012,0.17458448020631429,AGILE,GRB090510,0.151,1665321419.0,600.0
1665321431.3493168,2.0409973712379634,AGILE,GRB090510,0.151,1665321419.0,600.0
1665321467.4703963,0.7092596032650197,AGILE,GRB090510,0.151,1665321419.0,600.0
1665321451.2734833,0.6483677326125225,AGILE,GRB090510,0.151,1665321419.0,600.0
1665321453.7520456,0.12374125439061559,AGILE,GRB090510,0.151,1665321419.0,600.0
1665321490.603993,0.1148819052222627,AGILE,GRB090510,0.151,1665321419.0,600.0
1665321495.2546163,0.16788153093025526,AGILE,GRB090510,0.151,1665321419.0,600.0
1665321446.3533332,0.20875330141860637,AGILE,GRB090510,0.151,1665321419.0,600.0
1665321503.7307801,8.455072978430248,AGILE,GRB090510,0.151,1665321419.0,600.0
1665321557.2132912,0.14979497869608357,AGILE,GRB090510,0.151,1665321419.0,600.0
1665321470.082934,1.1379790237977485,AGILE,GRB090510,0.151,1665321419.0,600.0
1665321489.3186793,0.1709861406019128,AGILE,GRB090510,0.151,1665321419.0,600.0
1665321462.3703668,0.20364893627282774,AGILE,GRB090510,0.151,1665321419.0,600.0
1665321441.179724,0.29797320206811895,AGILE,GRB090510,0.151,1665321419.0,600.0
1665321445.4843004,0.1298245345607038,AGILE,GRB090510,0.151,1665321419.0,600.0
1665321517.1411765,0.1612829671198173,AGILE,GRB090510,0.151,1665321419.0,600.0
1665321491.6138034,0.15332878204337153,AGILE,GRB090510,0.151,1665321419.0,600.0
1665321423.96155,0.10362556515232871,AGILE,GRB090510,0.151,1665321419.0,600.0
1665321455.2805934,0.1073115470459644,AGILE,GRB090510,0.151,1665321419.0,600.0
1665321479.0242538,0.9966217099194312,AGILE,GRB090510,0.151,1665321419.0,600.0
1665321648.0867858,0.10564906127875172,AGILE,GRB090510,0.151,1665321419.0,600.0
1665321539.4774895,0.20303905221320587,AGILE,GRB090510,0.151,1665321419.0,600.0
1665321469.3278804,0.6971219896412031,AGILE,GRB090510,0.151,1665321419.0,600.0
1665321475.4606903,0.18041480050271924,AGILE,GRB090510,0.151,1665321419.0,600.0
1665321480.0534868,0.19144438978671796,AGILE,GRB090510,0.151,1665321419.0,600.0
1665321811.2093565,0.31336755384200776,AGILE,GRB090510,0.151,1665321419.0,600.0
1665321461.2140143,0.1198925033540808,AGILE,GRB090510,0.151,1665321419.0,600.0
1665321434.2722187,1.2445646196684645,AGILE,GRB090510,0.151,1665321419.0,600.0
1665321458.3874605,0.6072717499941944,AGILE,GRB090510,0.151,1665321419.0,600.0
1665321422.9624398,0.24049407660133526,AGILE,GRB090510,0.151,1665321419.0,600.0
1665321422.1947675,0.5154928070430501,AGILE,GRB090510,0.151,1665321419.0,600.0
1665321419.9443116,1.4011198072597513,AGILE,GRB090510,0.151,1665321419.0,600.0
1665321525.2273765,2.5763874220894665,AGILE,GRB090510,0.151,1665321419.0,600.0
1665321526.046206,0.201717095746575,AGILE,GRB090510,0.151,1665321419.0,600.0
1665321471.0176365,0.11439686089495132,AGILE,GRB090510,0.151,1665321419.0,600.0
1665321458.308422,0.2388494162618674,AGILE,GRB090510,0.151,1665321419.0,600.0
1665321430.834137,0.18193151216329567,AGILE,GRB090510,0.151,1665321419.0,600.0
1665321563.5715322,0.289449849871485,AGILE,GRB090510,0.151,1665321419.0,600.0
1665321438.8523626,0.32304854845714687,AGILE,GRB090510,0.151,1665321419.0,600.0
1665321574.2982097,0.6326115363008291,AGILE,GRB090510,0.151,1665321419.0,600.0
1665321436.7396648,0.3518444942936212,AGILE,GRB090510,0.151,1665321419.0,600.0
1665321490.787308,0.1577551390887539,AGILE,GRB090510,0.151,1665321419.0,600.0
1665321744.5391512,0.1203344008212721,AGILE,GRB090510,0.151,1665321419.0,600.0
1665321457.3876293,0.11812160160490276,AGILE,GRB090510,0.151,1665321419.0,600.0
1665321423.5878603,0.5207553955792882,AGILE,GRB090510,0.151,1665321419.0,600.0
1665321620.595559,0.2649126800273737,AGILE,GRB090510,0.151,1665321419.0,600.0
1665321489.542426,0.2072220361084779,AGILE,GRB090510,0.151,1665321419.0,600.0
1665321509.4779415,0.3648876239480418,AGILE,GRB090510,0.151,1665321419.0,600.0
1665321456.7131474,0.5523415873594623,AGILE,GRB090510,0.151,1665321419.0,600.0
1665321448.9773326,0.1094603217019607,AGILE,GRB090510,0.151,1665321419.0,600.0
1665321463.4291673,2.070012671532441,AGILE,GRB090510,0.151,1665321419.0,600.0
1665321430.726546,0.12660289887858206,AGILE,GRB090510,0.151,1665321419.0,600.0
1665321515.4845276,0.2143681226355208,AGILE,GRB090510,0.151,1665321419.0,600.0
1665321538.488699,0.13023493304201592,AGILE,GRB090510,0.151,1665321419.0,600.0
1665321456.8583665,0.14643551936901997,AGILE,GRB090510,0.151,1665321419.0,600.0
1665321478.3708274,0.45641021006139204,AGILE,GRB090510,0.151,1665321419.0,600.0
1665321471.0554936,0.1324377957866739,AGILE,GRB090510,0.151,1665321419.0,600.0
1665321598.638955,0.44738718593620713,AGILE,GRB090510,0.151,1665321419.0,600.0
1665321421.4262931,0.14140500033498057,AGILE,GRB090510,0.151,1665321419.0,600.0
1665321439.1817958,5.248585802043551,AGILE,GRB090510,0.151,1665321419.0,600.0
1665321592.263165,1.4280964132705114,AGILE,GRB090510,0.151,1665321419.0,600.0
1665321481.2809205,0.13364885202602755,AGILE,GRB090510,0.151,1665321419.0,600.0
1665321448.388706,0.1433403795662893,AGILE,GRB090510,0.151,1665321419.0,600.0
1665321442.9024045,0.6173318152126348,AGILE,GRB090510,0.151,1665321419.0,600.0
1665321486.4222796,0.11880932693640125,AGILE,GRB090510,0.151,1665321419.0,600.0
1665321448.6897082,0.14062305037014383,AGILE,GRB090510,0.151,1665321419.0,600.0
1665321655.4555125,0.14199255374393446,AGILE,GRB090510,0.151,1665321419.0,600.0
1665321501.2695372,0.21405137732079937,AGILE,GRB090510,0.151,1665321419.0,600.0
1665321428.5818975,0.5979375300114163,AGILE,GRB090510,0.151,1665321419.0,600.0
1665321450.5003476,0.1384907003215707,AGILE,GRB090510,0.151,1665321419.0,600.0
1665321464.7873247,0.145060023107999,AGILE,GRB090510,0.151,1665321419.0,600.0
1665321453.6877072,0.3072930889377291,AGILE,GRB090510,0.151,1665321419.0,600.0
1665321481.3829076,1.3711192360039584,AGILE,GRB090510,0.151,1665321419.0,600.0
1665321449.6968212,1.9379164639933273,AGILE,GRB090510,0.151,1665321419.0,600.0
1665321525.5482748,0.12892403402363972,AGILE,GRB090510,0.151,1665321419.0,600.0
1665321420.0033937,0.10439803438052855,AGILE,GRB090510,0.151,1665321419.0,600.0
1665321526.9899404,0.20958657803398456,AGILE,GRB090510,0.151,1665321419.0,600.0
1665321484.7523584,0.26644809796965696,AGILE,GRB090510,0.151,1665321419.0,600.0
1665321486.9803932,0.21338405689593076,AGILE,GRB090510,0.151,1665321419.0,600.0
1665321431.6027396,0.1932278577186183,AGILE,GRB090510,0.151,1665321419.0,600.0
1665321423.0864356,0.35265596696935925,AGILE,GRB090510,0.151,1665321419.0,600.0
1665321528.6179726,0.22378355904953412,AGILE,GRB090510,0.151,1665321419.0,600.0
1665321427.2627356,0.24448063794029312,AGILE,GRB090510,0.151,1665321419.0,600.0
1665321535.690065,0.1351177200461867,AGILE,GRB090510,0.151,1665321419.0,600.0
1665321479.4709496,0.1201174151148563,AGILE,GRB090510,0.151,1665321419.0,600.0
1665321434.1755269,0.11002150563016491,AGILE,GRB090510,0.151,1665321419.0,600.0
1665321505.36592,0.864187778363723,AGILE,GRB090510,0.151,1665321419.0,600.0
1665321573.3178372,0.14645405729938307,AGILE,GRB090510,0.151,1665321419.0,600.0
1665321638.4735417,0.13581837051670792,AGILE,GRB090510,0.151,1665321419.0,600.0
1665321850.8314743,10.474821256726024,AGILE,GRB090510,0.151,1665321419.0,600.0
1665321447.571921,0.20430091433169145,AGILE,GRB090510,0.151,1665321419.0,600.0
1665321535.3741064,1.3801455392280708,AGILE,GRB090510,0.151,1665321419.0,600.0
1665321594.3021417,0.28769556443679667,AGILE,GRB090510,0.151,1665321419.0,600.0
1665321447.998581,0.10329225135722518,AGILE,GRB090510,0.151,1665321419.0,600.0
1665321423.669862,0.11603841356207296,AGILE,GRB090510,0.151,1665321419.0,600.0
1665321627.3245423,0.20250766176219193,AGILE,GRB090510,0.151,1665321419.0,600.0
1665321459.0846233,0.1511744145411994,AGILE,GRB090510,0.151,1665321419.0,600.0
1665321507.356061,0.10976121139147164,AGILE,GRB090510,0.151,1665321419.0,600.0
1665321641.6629467,0.11488040840008162,AGILE,GRB090510,0.151,1665321419.0,600.0
1665321443.037176,0.10412794114099987,AGILE,GRB090510,0.151,1665321419.0,600.0
1665321422.7029114,0.11351588615998807,AGILE,GRB090510,0.151,1665321419.0,600.0
1665321507.0542405,1.191881511636597,AGILE,GRB090510,0.151,1665321419.0,600.0
1665321508.3316298,0.14354203618506986,AGILE,GRB090510,0.151,1665321419.0,600.0
1665321473.785447,0.13451962144821908,AGILE,GRB090510,0.151,1665321419.0,600.0
1665321553.4511254,0.32796265202977254,AGILE,GRB090510,0.151,1665321419.0,600.0
1665321462.5859144,0.1818626912470255,AGILE,GRB090510,0.151,1665321419.0,600.0
1665321610.6664052,0.6228361592540778,AGILE,GRB090510,0.151,1665321419.0,600.0
1665321505.5057328,0.10586937243766306,AGILE,GRB090510,0.151,1665321419.0,600.0
1665321439.4504447,0.4385970159813348,AGILE,GRB090510,0.151,1665321419.0,600.0
1665321442.1893134,0.1319216006837034,AGILE,GRB090510,0.151,1665321419.0,600.0
1665321480.343036,0.49550031070508826,AGILE,GRB090510,0.151,1665321419.0,600.0
1665321488.3622665,0.19966699797762402,AGILE,GRB090510,0.151,1665321419.0,600.0
1665321489.9460046,0.18906982790917332,AGILE,GRB090510,0.151,1665321419.0,600.0
1665321421.9834719,0.2555005559196312,AGILE,GRB090510,0.151,1665321419.0,600.0
1665321443.5614998,0.8046008456424639,AGILE,GRB090510,0.151,1665321419.0,600.0
1665321472.2873535,0.33141759011615535,AGILE,GRB090510,0.151,1665321419.0,600.0
1665321541.9343493,0.23255882580383092,AGILE,GRB090510,0.151,1665321419.0,600.0
1665321447.5794818,0.7970711623502382,AGILE,GRB090510,0.151,1665321419.0,600.0
1665321510.646696,0.60870334344865,AGILE,GRB090510,0.151,1665321419.0,600.0
1665321466.222245,0.42228744805970236,AGILE,GRB090510,0.151,1665321419.0,600.0
1665321437.3878734,0.2911102665761367,AGILE,GRB090510,0.151,1665321419.0,600.0
1665321463.1557262,0.10090795091500218,AGILE,GRB090510,0.151,1665321419.0,600.0
1665321425.2077813,0.9215723575405308,AGILE,GRB090510,0.151,1665321419.0,600.0
1665321445.1139708,0.4597856039588295,AGILE,GRB090510,0.151,1665321419.0,600.0
1665321429.3280008,1.99295108655049,AGILE,GRB090510,0.151,1665321419.0,600.0
1665321456.076036,0.15115039314228945,AGILE,GRB090510,0.151,1665321419.0,600.0
1665321494.288359,1.2220376811595939,AGILE,GRB090510,0.151,1665321419.0,600.0
1665321474.4465525,1.0991412123052657,AGILE,GRB090510,0.151,1665321419.0,600.0
1665321498.290783,0.24518933457549133,AGILE,GRB090510,0.151,1665321419.0,600.0
1665321441.140199,0.17981967744490754,AGILE,GRB090510,0.151,1665321419.0,600.0
1665321426.3802407,3.9742628298132425,AGILE,GRB090510,0.151,1665321419.0,600.0
1665321473.9215999,0.151489416757084,AGILE,GRB090510,0.151,1665321419.0,600.0
1665321443.8535848,0.10196688936227996,AGILE,GRB090510,0.151,1665321419.0,600.0
1665321446.1448693,0.12425013059239927,AGILE,GRB090510,0.151,1665321419.0,600.0
1665321430.047809,0.13339822095177986,AGILE,GRB090510,0.151,1665321419.0,600.0
1665321460.07198,0.1054418780563523,AGILE,GRB090510,0.151,1665321419.0,600.0
1665321461.3582847,0.5160724206608656,AGILE,GRB090510,0.151,1665321419.0,600.0
1665321475.6213632,0.12873744804220313,AGILE,GRB090510,0.151,1665321419.0,600.0
1665321519.549736,0.17114837426459178,AGILE,GRB090510,0.151,1665321419.0,600.0
1665321468.3194911,0.544506545534387,AGILE,GRB090510,0.151,1665321419.0,600.0
1665321420.770656,0.34441696749542294,AGILE,GRB090510,0.151,1665321419.0,600.0
1665321425.881441,0.11927366684455892,AGILE,GRB090510,0.151,1665321419.0,600.0
1665321438.5476162,0.11561016662712681,AGILE,GRB090510,0.151,1665321419.0,600.0
1665321510.3400207,0.15247306105757663,AGILE,GRB090510,0.151,1665321419.0,600.0
1665321429.740494,0.14690173083259658,AGILE,GRB090510,0.151,1665321419.0,600.0
1665321549.0658731,0.23315754022517537,AGILE,GRB090510,0.151,1665321419.0,600.0
1665321516.282199,0.1376420867732072,AGILE,GRB090510,0.151,1665321419.0,600.0
1665321558.9328437,0.14138264409714085,AGILE,GRB090510,0.151,1665321419.0,600.0
1665321577.4211438,0.7077868907774514,AGILE,GRB090510,0.151,1665321419.0,600.0
1665321511.2465274,0.11685059079812983,AGILE,GRB090510,0.151,1665321419.0,600.0
1665321427.8965104,0.12304183515206668,AGILE,GRB090510,0.151,1665321419.0,600.0
1665321442.7750168,0.22291746835319404,AGILE,GRB090510,0.151,1665321419.0,600.0
1665321460.6552968,2.7908104276329886,AGILE,GRB090510,0.151,1665321419.0,600.0
1665321438.3244758,0.14683736455296714,AGILE,GRB090510,0.151,1665321419.0,600.0
1665321505.5588858,0.43201053798433087,AGILE,GRB090510,0.151,1665321419.0,600.0
1665321590.7800972,0.13448830024938765,AGILE,GRB090510,0.151,1665321419.0,600.0
1665321451.1261814,0.42343118003840613,AGILE,GRB090510,0.151,1665321419.0,600.0
1665321741.0603926,0.11878001635850322,AGILE,GRB090510,0.151,1665321419.0,600.0
1665321446.1842527,0.3205371283933984,AGILE,GRB090510,0.151,1665321419.0,600.0
1665321434.330507,0.102611126018834,AGILE,GRB090510,0.151,1665321419.0,600.0
1665321420.5142741,2.216753147611617,AGILE,GRB090510,0.151,1665321419.0,600.0
1665321426.6304314,0.6555308766368617,AGILE,GRB090510,0.151,1665321419.0,600.0
1665321460.8769941,0.11498452787331091,AGILE,GRB090510,0.151,1665321419.0,600.0
1665321446.4018624,0.2265964447718893,AGILE,GRB090510,0.151,1665321419.0,600.0
1665321551.5300927,0.4362768171593985,AGILE,GRB090510,0.151,1665321419.0,600.0
1665321455.9659047,6.965057751768988,AGILE,GRB090510,0.151,1665321419.0,600.0
1665321496.3898578,0.11602821374529089,AGILE,GRB090510,0.151,1665321419.0,600.0
1665321515.6876037,0.17936251904197387,AGILE,GRB090510,0.151,1665321419.0,600.0
1665321453.915155,1.3459937376155757,AGILE,GRB090510,0.151,1665321419.0,600.0
1665321436.207033,0.7731011902623295,AGILE,GRB090510,0.151,1665321419.0,600.0
1665321430.1615198,16.077023582244163,AGILE,GRB090510,0.151,1665321419.0,600.0
1665321429.5051792,0.38033150654193154,AGILE,GRB090510,0.151,1665321419.0,600.0
1665321436.4870288,0.10975083436021782,AGILE,GRB090510,0.151,1665321419.0,600.0
1665321425.2053301,0.11260872704603841,AGILE,GRB090510,0.151,1665321419.0,600.0
1665321432.052347,0.7203886540174416,AGILE,GRB090510,0.151,1665321419.0,600.0
1665321660.5778358,0.15228085218088405,AGILE,GRB090510,0.151,1665321419.0,600.0
1665321457.8607607,1.4644897520950568,AGILE,GRB090510,0.151,1665321419.0,600.0
1665321476.3932889,0.2109670803121648,AGILE,GRB090510,0.151,1665321419.0,600.0
1665321444.2855706,0.20324263402741286,AGILE,GRB090510,0.151,1665321419.0,600.0
1665321448.9514787,0.10622355311095669,AGILE,GRB090510,0.151,1665321419.0,600.0
1665321450.2686937,0.6465483524816082,AGILE,GRB090510,0.151,1665321419.0,600.0
1665321453.8410492,0.20115093979920504,AGILE,GRB090510,0.151,1665321419.0,600.0
1665321538.7789009,0.1473185328389029,AGILE,GRB090510,0.151,1665321419.0,600.0
1665321804.1990042,0.21494618553763614,AGILE,GRB090510,0.151,1665321419.0,600.0
1665321439.8694713,0.10814627404999758,AGILE,GRB090510,0.151,1665321419.0,600.0
1665321523.2619634,0.11420471812144593,AGILE,GRB090510,0.151,1665321419.0,600.0
1665321493.8223417,0.1053946486702134,AGILE,GRB090510,0.151,1665321419.0,600.0
1665321453.1717591,0.1707419235540976,AGILE,GRB090510,0.151,1665321419.0,600.0
1665321621.2909956,0.2901046356898502,AGILE,GRB090510,0.151,1665321419.0,600.0
1665321436.744034,0.19655604722022135,AGILE,GRB090510,0.151,1665321419.0,600.0
1665321457.0030165,0.2557960529063173,AGILE,GRB090510,0.151,1665321419.0,600.0
1665321484.2775495,0.12680681091666265,AGILE,GRB090510,0.151,1665321419.0,600.0
1665321419.3523452,0.5976666030175868,AGILE,GRB090510,0.151,1665321419.0,600.0
1665321455.357766,0.22550594869222654,AGILE,GRB090510,0.151,1665321419.0,600.0
1665321452.2359083,0.175443147378775,AGILE,GRB090510,0.151,1665321419.0,600.0
1665321444.7343082,2.802976784180727,AGILE,GRB090510,0.151,1665321419.0,600.0
1665321478.3014414,0.11568415599132541,AGILE,GRB090510,0.151,1665321419.0,600.0
1665321421.7099936,0.10871223244558015,AGILE,GRB090510,0.151,1665321419.0,600.0
1665321425.6072898,0.12527527395541752,AGILE,GRB090510,0.151,1665321419.0,600.0
1665321567.8575072,0.24087313834055007,AGILE,GRB090510,0.151,1665321419.0,600.0
1665321494.9444072,0.2965791639143982,AGILE,GRB090510,0.151,1665321419.0,600.0
1665321430.857037,0.22536634817467638,AGILE,GRB090510,0.151,1665321419.0,600.0
1665321424.7755473,0.10807936881531369,AGILE,GRB090510,0.151,1665321419.0,600.0
1665321470.2016442,0.44082993716128965,AGILE,GRB090510,0.151,1665321419.0,600.0
1665321481.5131426,0.11086156389593567,AGILE,GRB090510,0.151,1665321419.0,600.0
1665321453.2390804,1.2127065983954122,AGILE,GRB090510,0.151,1665321419.0,600.0
1665321529.5599585,0.29981732785793724,AGILE,GRB090510,0.151,1665321419.0,600.0
1665321473.328315,0.12408385320373208,AGILE,GRB090510,0.151,1665321419.0,600.0
1665321484.8286185,0.16639454987188879,AGILE,GRB090510,0.151,1665321419.0,600.0
1665321456.7971244,0.14341141090290066,AGILE,GRB090510,0.151,1665321419.0,600.0
1665321459.6178565,0.4220238660288638,AGILE,GRB090510,0.151,1665321419.0,600.0
1665321625.3365176,0.10505654161431154,AGILE,GRB090510,0.151,1665321419.0,600.0
1665321544.6893694,0.12144914458498522,AGILE,GRB090510,0.151,1665321419.0,600.0
1665321457.352578,0.6389762956889826,AGILE,GRB090510,0.151,1665321419.0,600.0
1665321477.9559267,0.5874178441678749,AGILE,GRB090510,0.151,1665321419.0,600.0
1665321425.454475,0.36535469287838573,AGILE,GRB090510,0.151,1665321419.0,600.0
1665321469.818473,0.5383207468063415,AGILE,GRB090510,0.151,1665321419.0,600.0
1665321531.569485,0.11318191843705804,AGILE,GRB090510,0.151,1665321419.0,600.0
1665321495.2823472,2.6475870770935033,AGILE,GRB090510,0.151,1665321419.0,600.0
1665321425.337453,0.5444544042099794,AGILE,GRB090510,0.151,1665321419.0,600.0
1665321423.822694,0.3188534689443543,AGILE,GRB090510,0.151,1665321419.0,600.0
1665321508.0580223,0.18334430814886593,AGILE,GRB090510,0.151,1665321419.0,600.0
1665321548.504415,0.13673789632474753,AGILE,GRB090510,0.151,1665321419.0,600.0
1665321447.9558778,0.40184328250787504,AGILE,GRB090510,0.151,1665321419.0,600.0
1665321422.7747169,0.14584273276826307,AGILE,GRB090510,0.151,1665321419.0,600.0
1665321502.2204514,0.11091785216194823,AGILE,GRB090510,0.151,1665321419.0,600.0
1665321452.5740721,0.21818152904698104,AGILE,GRB090510,0.151,1665321419.0,600.0
1665321426.8438547,0.6625914074123992,AGILE,GRB090510,0.151,1665321419.0,600.0
1665321455.7006843,0.19881744943412677,AGILE,GRB090510,0.151,1665321419.0,600.0
1665321463.4383945,0.17989847520564228,AGILE,GRB090510,0.151,1665321419.0,600.0
1665321494.6567206,0.45316916646707583,AGILE,GRB090510,0.151,1665321419.0,600.0
1665321474.8993292,0.3686623934488189,AGILE,GRB090510,0.151,1665321419.0,600.0
1665321571.2619283,0.18488558711002723,AGILE,GRB090510,0.151,1665321419.0,600.0
1665321427.1354346,0.16425693450514228,AGILE,GRB090510,0.151,1665321419.0,600.0
1665321502.0256002,0.17427481613350676,AGILE,GRB090510,0.151,1665321419.0,600.0
1665321496.9632804,0.19023238411809296,AGILE,GRB090510,0.151,1665321419.0,600.0
1665321461.7221014,0.1637142002824096,AGILE,GRB090510,0.151,1665321419.0,600.0
1665321440.812593,0.14947105852809797,AGILE,GRB090510,0.151,1665321419.0,600.0
1665321474.0896301,0.2251083029209344,AGILE,GRB090510,0.151,1665321419.0,600.0
1665321429.633187,0.581824251768786,AGILE,GRB090510,0.151,1665321419.0,600.0
1665321457.2321866,0.46394913653305886,AGILE,GRB090510,0.151,1665321419.0,600.0
1665321477.0311613,0.10770912733644034,AGILE,GRB090510,0.151,1665321419.0,600.0
1665321422.6945078,0.47453190155016617,AGILE,GRB090510,0.151,1665321419.0,600.0
1665321436.74254,0.12293530829353277,AGILE,GRB090510,0.151,1665321419.0,600.0
1665321450.880747,0.47945682925280037,AGILE,GRB090510,0.151,1665321419.0,600.0
1665321419.9531155,0.20176378354717875,AGILE,GRB090510,0.151,1665321419.0,600.0
1665321490.302221,0.15483403169642118,AGILE,GRB090510,0.151,1665321419.0,600.0
1665321452.177962,1.3031811235416457,AGILE,GRB090510,0.151,1665321419.0,600.0
1665321458.82342,0.41166819236154817,AGILE,GRB090510,0.151,1665321419.0,600.0
1665321427.0151787,1.2438408368782334,AGILE,GRB090510,0.151,1665321419.0,600.0
1665321424.8709295,0.35323072199301664,AGILE,GRB090510,0.151,1665321419.0,600.0
1665321452.7475524,0.1438038491431321,AGILE,GRB090510,0.151,1665321419.0,600.0
1665321468.4655318,0.144102399164451,AGILE,GRB090510,0.151,1665321419.0,600.0
1665321695.8976321,0.10286905387848495,AGILE,GRB090510,0.151,1665321419.0,600.0
1665321433.395731,0.18647303944720825,AGILE,GRB090510,0.151,1665321419.0,600.0
1665321471.328859,0.2143286201837528,AGILE,GRB090510,0.151,1665321419.0,600.0
1665321555.153764,0.20696164836741718,AGILE,GRB090510,0.151,1665321419.0,600.0
1665321680.3676906,0.15652202991551262,AGILE,GRB090510,0.151,1665321419.0,600.0
1665321513.2066963,0.162403995166019,AGILE,GRB090510,0.151,1665321419.0,600.0
1665321517.73855,0.26147050735494776,AGILE,GRB090510,0.151,1665321419.0,600.0
1665321568.553014,0.11051864949024215,AGILE,GRB090510,0.151,1665321419.0,600.0
1665321433.3199744,0.13565563098767655,AGILE,GRB090510,0.151,1665321419.0,600.0
1665321460.5314817,0.10095393958130153,AGILE,GRB090510,0.151,1665321419.0,600.0
1665321471.9629984,0.12556485842652473,AGILE,GRB090510,0.151,1665321419.0,600.0
1665321437.8331463,0.12415397774896234,AGILE,GRB090510,0.151,1665321419.0,600.0
1665321428.6191535,0.1378693719595557,AGILE,GRB090510,0.151,1665321419.0,600.0
1665321430.3793516,0.1279480224168916,AGILE,GRB090510,0.151,1665321419.0,600.0
1665321482.6530714,0.458474840205113,AGILE,GRB090510,0.151,1665321419.0,600.0
1665321420.1597376,0.26630520308433275,AGILE,GRB090510,0.151,1665321419.0,600.0
1665321729.607966,0.18493530368070243,AGILE,GRB090510,0.151,1665321419.0,600.0
1665321450.9420202,0.15854208803509715,AGILE,GRB090510,0.151,1665321419.0,600.0
1665321434.6061435,0.26218886347788156,AGILE,GRB090510,0.151,1665321419.0,600.0
1665321472.5725956,0.13910037873040296,AGILE,GRB090510,0.151,1665321419.0,600.0
1665321467.438802,2.026113472432051,AGILE,GRB090510,0.151,1665321419.0,600.0
1665321516.8744414,0.3532239566244393,AGILE,GRB090510,0.151,1665321419.0,600.0
1665321477.609013,0.3253252461201536,AGILE,GRB090510,0.151,1665321419.0,600.0
1665321432.8715591,0.11312732219118336,AGILE,GRB090510,0.151,1665321419.0,600.0
1665321464.8597133,0.7521263128948421,AGILE,GRB090510,0.151,1665321419.0,600.0
1665321493.930726,0.3228252032814433,AGILE,GRB090510,0.151,1665321419.0,600.0
1665321523.6819148,0.1093255636364608,AGILE,GRB090510,0.151,1665321419.0,600.0
1665321500.5022988,0.1033110355412018,AGILE,GRB090510,0.151,1665321419.0,600.0
1665321438.3386168,0.19158209941502738,AGILE,GRB090510,0.151,1665321419.0,600.0
1665321501.713626,0.19924851414197822,AGILE,GRB090510,0.151,1665321419.0,600.0
1665321490.7479255,0.14163233642265238,AGILE,GRB090510,0.151,1665321419.0,600.0
1665321428.6738384,0.5191269198721781,AGILE,GRB090510,0.151,1665321419.0,600.0
1665321421.7579465,0.3531625488786454,AGILE,GRB090510,0.151,1665321419.0,600.0
1665321431.330603,0.10312594036848954,AGILE,GRB090510,0.151,1665321419.0,600.0
1665321584.3460684,0.1723799259281939,AGILE,GRB090510,0.151,1665321419.0,600.0
1665321430.3718247,0.271218159620046,AGILE,GRB090510,0.151,1665321419.0,600.0
1665321423.2760866,0.1636563204957649,AGILE,GRB090510,0.151,1665321419.0,600.0
1665321519.3025396,0.10077073657379117,AGILE,GRB090510,0.151,1665321419.0,600.0
1665321430.014833,0.1766780675823794,AGILE,GRB090510,0.151,1665321419.0,600.0
1665321481.9161584,0.3779161330277704,AGILE,GRB090510,0.151,1665321419.0,600.0
1665321585.3016758,0.17359671677942737,AGILE,GRB090510,0.151,1665321419.0,600.0
1665321433.2193463,0.12649823402145527,AGILE,GRB090510,0.151,1665321419.0,600.0
1665321453.8962538,0.352358154145199,AGILE,GRB090510,0.151,1665321419.0,600.0
1665321450.160612,0.1458828433747029,AGILE,GRB090510,0.151,1665321419.0,600.0
1665321504.6650114,0.12822225924667832,AGILE,GRB090510,0.151,1665321419.0,600.0
1665321461.1236684,0.1102411272208877,AGILE,GRB090510,0.151,1665321419.0,600.0
1665321460.8390117,0.1879879188235539,AGILE,GRB090510,0.151,1665321419.0,600.0
1665321436.9863236,0.14579029915822603,AGILE,GRB090510,0.151,1665321419.0,600.0
1665321580.983873,0.11509256253750358,AGILE,GRB090510,0.151,1665321419.0,600.0
1665321558.7195244,0.1492737136225891,AGILE,GRB090510,0.151,1665321419.0,600.0
1665321444.111394,0.11652229589478919,AGILE,GRB090510,0.151,1665321419.0,600.0
1665321419.2622929,0.1157906252324737,AGILE,GRB090510,0.151,1665321419.0,600.0
1665321537.0246542,0.11954814718259628,AGILE,GRB090510,0.151,1665321419.0,600.0
1665321453.2044864,1.7222274740883123,AGILE,GRB090510,0.151,1665321419.0,600.0
1665321501.5826168,0.14516936593611268,AGILE,GRB090510,0.151,1665321419.0,600.0
1665321536.3361232,0.3620552968583855,AGILE,GRB090510,0.151,1665321419.0,600.0
1665321546.197298,0.11330470421661756,AGILE,GRB090510,0.151,1665321419.0,600.0
1665321426.964256,0.10793016165247771,AGILE,GRB090510,0.151,1665321419.0,600.0
1665321470.5820808,0.3060017992635044,AGILE,GRB090510,0.151,1665321419.0,600.0
1665321462.1955554,0.18694411731769547,AGILE,GRB090510,0.151,1665321419.0,600.0
1665321443.2257862,1.0004488928590571,AGILE,GRB090510,0.151,1665321419.0,600.0
1665321612.5340798,0.16157077727663632,AGILE,GRB090510,0.151,1665321419.0,600.0
1665321430.561722,0.3055231705392772,AGILE,GRB090510,0.151,1665321419.0,600.0
1665321491.252868,0.3864802657701588,AGILE,GRB090510,0.151,1665321419.0,600.0
1665321497.686016,0.25317724084682763,AGILE,GRB090510,0.151,1665321419.0,600.0
1665321434.3419755,0.12207107390967697,AGILE,GRB090510,0.151,1665321419.0,600.0
1665321513.4761872,0.17719748860694368,AGILE,GRB090510,0.151,1665321419.0,600.0
1665321481.0940742,0.2202042707571227,AGILE,GRB090510,0.151,1665321419.0,600.0
1665321470.0889626,0.13165307237152532,AGILE,GRB090510,0.151,1665321419.0,600.0
1665321503.0457778,0.1156905453671347,AGILE,GRB090510,0.151,1665321419.0,600.0
1665321434.1666656,0.12923790428483659,AGILE,GRB090510,0.151,1665321419.0,600.0
1665321457.845285,0.12611414062227835,AGILE,GRB090510,0.151,1665321419.0,600.0
1665321429.631772,0.13977980954649508,AGILE,GRB090510,0.151,1665321419.0,600.0
1665321500.4862764,29.99289621023433,AGILE,GRB090510,0.151,1665321419.0,600.0
1665321497.6676254,0.15973536948051986,AGILE,GRB090510,0.151,1665321419.0,600.0
1665321441.5773098,0.10813616464436969,AGILE,GRB090510,0.151,1665321419.0,600.0
1665321423.2028723,0.5206397710797269,AGILE,GRB090510,0.151,1665321419.0,600.0
1665321425.7448366,0.12550871863236002,AGILE,GRB090510,0.151,1665321419.0,600.0
1665321458.9424376,0.49524299361457474,AGILE,GRB090510,0.151,1665321419.0,600.0
1665321468.24989,0.22692060643968648,AGILE,GRB090510,0.151,1665321419.0,600.0
1665321433.4920354,0.10291763765044118,AGILE,GRB090510,0.151,1665321419.0,600.0
1665321452.2141037,0.16363891385174548,AGILE,GRB090510,0.151,1665321419.0,600.0
1665321491.4696956,0.16125687388483112,AGILE,GRB090510,0.151,1665321419.0,600.0
1665321422.7082562,0.29353678997961113,AGILE,GRB090510,0.151,1665321419.0,600.0
1665321508.3644898,0.1177966249639866,AGILE,GRB090510,0.151,1665321419.0,600.0
1665321431.1756952,0.2079330682850291,AGILE,GRB090510,0.151,1665321419.0,600.0
1665321518.7028334,0.15997022749029527,AGILE,GRB090510,0.151,1665321419.0,600.0
1665321450.1986308,0.15104937534323798,AGILE,GRB090510,0.151,1665321419.0,600.0
1665321433.2479722,0.12443407070562092,AGILE,GRB090510,0.151,1665321419.0,600.0
1665321633.0561569,1.2577158481487292,AGILE,GRB090510,0.151,1665321419.0,600.0
1665321420.9957085,0.16865647692488725,AGILE,GRB090510,0.151,1665321419.0,600.0
1665321527.711754,0.5029325716081562,AGILE,GRB090510,0.151,1665321419.0,600.0
1665321450.792586,0.2860740485934158,AGILE,GRB090510,0.151,1665321419.0,600.0
1665321430.5785809,0.31133237889710963,AGILE,GRB090510,0.151,1665321419.0,600.0
1665321423.7326784,0.12240875490924913,AGILE,GRB090510,0.151,1665321419.0,600.0
1665321459.7744932,0.16616199456711034,AGILE,GRB090510,0.151,1665321419.0,600.0
1665321601.5310388,0.43786797530858035,AGILE,GRB090510,0.151,1665321419.0,600.0
1665321441.734862,0.21116862044874868,AGILE,GRB090510,0.151,1665321419.0,600.0
1665321484.8622499,0.18277664896794882,AGILE,GRB090510,0.151,1665321419.0,600.0
1665321499.0018437,0.6156617393986594,AGILE,GRB090510,0.151,1665321419.0,600.0
1665321628.7708547,0.16602543760966396,AGILE,GRB090510,0.151,1665321419.0,600.0
1665321708.4256213,0.12027818202260372,AGILE,GRB090510,0.151,1665321419.0,600.0
1665321479.128825,0.155365563109549,AGILE,GRB090510,0.151,1665321419.0,600.0
1665321438.1135254,3.5219707019055715,AGILE,GRB090510,0.151,1665321419.0,600.0
1665321428.6444273,0.6951126494561519,AGILE,GRB090510,0.151,1665321419.0,600.0
1665321438.5308013,0.10277006764725712,AGILE,GRB090510,0.151,1665321419.0,600.0
1665321454.6769724,0.6281055665607215,AGILE,GRB090510,0.151,1665321419.0,600.0
1665321476.4020665,0.1493768505906827,AGILE,GRB090510,0.151,1665321419.0,600.0
1665321455.483194,3.3250472146731114,AGILE,GRB090510,0.151,1665321419.0,600.0
1665321539.1380668,0.112665801747849,AGILE,GRB090510,0.151,1665321419.0,600.0
1665321424.7800667,0.15818157286565798,AGILE,GRB090510,0.151,1665321419.0,600.0
1665321429.9984152,10.442637935468015,AGILE,GRB090510,0.151,1665321419.0,600.0
1665321423.6484897,0.10796796317933127,AGILE,GRB090510,0.151,1665321419.0,600.0
1665321443.5258348,0.10188669705530332,AGILE,GRB090510,0.151,1665321419.0,600.0
1665321496.9214525,0.15342175171565275,AGILE,GRB090510,0.151,1665321419.0,600.0
1665321673.164895,0.2419711282791409,AGILE,GRB090510,0.151,1665321419.0,600.0
1665321534.6920545,54.38304707576671,AGILE,GRB090510,0.151,1665321419.0,600.0
1665321445.9137821,0.12745168856707056,AGILE,GRB090510,0.151,1665321419.0,600.0
1665321601.877574,2.482321261227322,AGILE,GRB090510,0.151,1665321419.0,600.0
1665321504.2728624,0.1469998573260022,AGILE,GRB090510,0.151,1665321419.0,600.0
1665321583.5477057,0.25149422370510965,AGILE,GRB090510,0.151,1665321419.0,600.0
1665321480.347776,0.23288203087467224,AGILE,GRB090510,0.151,1665321419.0,600.0
1665321430.4878721,0.14516167287258677,AGILE,GRB090510,0.151,1665321419.0,600.0
1665321430.096763,0.9600875000515604,AGILE,GRB090510,0.151,1665321419.0,600.0
1665321449.9362345,0.20513781790141716,AGILE,GRB090510,0.151,1665321419.0,600.0
1665321446.988054,1.4899115423961353,AGILE,GRB090510,0.151,1665321419.0,600.0
1665321494.351816,2.5389959070571355,AGILE,GRB090510,0.151,1665321419.0,600.0
1665321434.0719216,0.21849506277688446,AGILE,GRB090510,0.151,1665321419.0,600.0
1665321478.4777846,0.10556749330693493,AGILE,GRB090510,0.151,1665321419.0,600.0
1665321568.298908,0.1951099244641865,AGILE,GRB090510,0.151,1665321419.0,600.0
1665321434.2835646,0.2885261833592331,AGILE,GRB090510,0.151,1665321419.0,600.0
1665321435.550327,0.42743978658852333,AGILE,GRB090510,0.151,1665321419.0,600.0
1665321507.8603842,0.10178269530490887,AGILE,GRB090510,0.151,1665321419.0,600.0
1665321463.5549297,0.11797166487467758,AGILE,GRB090510,0.151,1665321419.0,600.0
1665321469.3208673,0.10625362417693479,AGILE,GRB090510,0.151,1665321419.0,600.0
1665321520.7364233,0.18440241527318746,AGILE,GRB090510,0.151,1665321419.0,600.0
1665321431.5298414,0.16740173590271412,AGILE,GRB090510,0.151,1665321419.0,600.0
1665321525.0545447,0.4353760706956717,AGILE,GRB090510,0.151,1665321419.0,600.0
1665321424.7473674,0.16140993349221333,AGILE,GRB090510,0.151,1665321419.0,600.0
1665321454.5480993,0.11262467471674067,AGILE,GRB090510,0.151,1665321419.0,600.0
1665321494.7779496,0.5389662421859869,AGILE,GRB090510,0.151,1665321419.0,600.0
1665321475.9703076,0.1190354387729993,AGILE,GRB090510,0.151,1665321419.0,600.0
1665321448.8054848,0.4071996823680151,AGILE,GRB090510,0.151,1665321419.0,600.0
1665321421.7200768,0.20175796702378884,AGILE,GRB090510,0.151,1665321419.0,600.0
1665321481.3094594,0.1344408995335504,AGILE,GRB090510,0.151,1665321419.0,600.0
1665321491.0575573,0.7537825724979126,AGILE,GRB090510,0.151,1665321419.0,600.0
1665321449.9937606,0.3547256839503567,AGILE,GRB090510,0.151,1665321419.0,600.0
1665321424.9800885,1.45196051115916,AGILE,GRB090510,0.151,1665321419.0,600.0
1665321488.8059242,0.12729301610317306,AGILE,GRB090510,0.151,1665321419.0,600.0
1665321475.6152773,0.2115251232007498,AGILE,GRB090510,0.151,1665321419.0,600.0
1665321455.644535,0.8604588695591362,AGILE,GRB090510,0.151,1665321419.0,600.0
1665321443.3561609,0.10106432820023828,AGILE,GRB090510,0.151,1665321419.0,600.0
1665321530.6713262,0.2231166832492371,AGILE,GRB090510,0.151,1665321419.0,600.0
1665321424.4988852,0.554689091335227,AGILE,GRB090510,0.151,1665321419.0,600.0
1665321446.81025,0.11425974625076414,AGILE,GRB090510,0.151,1665321419.0,600.0
1665321441.4516773,0.1997344846839711,AGILE,GRB090510,0.151,1665321419.0,600.0
1665321420.8480663,0.12396871196923556,AGILE,GRB090510,0.151,1665321419.0,600.0
1665321499.6431675,0.13332674109586845,AGILE,GRB090510,0.151,1665321419.0,600.0
1665321591.7464674,0.14578639436286997,AGILE,GRB090510,0.151,1665321419.0,600.0
1665321421.9725523,0.13649244666969382,AGILE,GRB090510,0.151,1665321419.0,600.0
1665321421.4500747,0.10520786560076989,AGILE,GRB090510,0.151,1665321419.0,600.0
1665321444.36221,0.49813641879165493,AGILE,GRB090510,0.151,1665321419.0,600.0
1665321493.7767086,0.10279010820518855,AGILE,GRB090510,0.151,1665321419.0,600.0
1665321459.9823618,2.1862893820301292,AGILE,GRB090510,0.151,1665321419.0,600.0
1665321442.3276095,0.1985702724819991,AGILE,GRB090510,0.151,1665321419.0,600.0
1665321502.4901662,0.1892675099709402,AGILE,GRB090510,0.151,1665321419.0,600.0
1665321423.628903,0.10115820077261867,AGILE,GRB090510,0.151,1665321419.0,600.0
1665321572.6368954,0.25798573362181937,AGILE,GRB090510,0.151,1665321419.0,600.0
1665321497.1435225,0.1056463023157651,AGILE,GRB090510,0.151,1665321419.0,600.0
1665321447.2658694,0.21880429402510002,AGILE,GRB090510,0.151,1665321419.0,600.0
1665321503.3254392,0.10374968638003022,AGILE,GRB090510,0.151,1665321419.0,600.0
1665321503.1292703,0.1156197962660835,AGILE,GRB090510,0.151,1665321419.0,600.0
1665321528.7979114,0.11185158027986192,AGILE,GRB090510,0.151,1665321419.0,600.0
1665321499.3390844,1.891706991052961,AGILE,GRB090510,0.151,1665321419.0,600.0
1665321455.3953967,0.3691408814258581,AGILE,GRB090510,0.151,1665321419.0,600.0
1665321533.1382575,0.10519917752323427,AGILE,GRB090510,0.151,1665321419.0,600.0
1665321493.236429,0.1960284109214807,AGILE,GRB090510,0.151,1665321419.0,600.0
1665321430.2776923,0.3135998784619953,AGILE,GRB090510,0.151,1665321419.0,600.0
1665321795.9631736,0.1384554407011366,AGILE,GRB090510,0.151,1665321419.0,600.0
1665321587.975867,0.12320475275478154,AGILE,GRB090510,0.151,1665321419.0,600.0
1665321420.893385,0.16793153669583574,AGILE,GRB090510,0.151,1665321419.0,600.0
1665321494.2739906,0.19050976794377117,AGILE,GRB090510,0.151,1665321419.0,600.0
1665321424.7255905,0.19900944014646701,AGILE,GRB090510,0.151,1665321419.0,600.0
1665321517.826519,0.23547740038287568,AGILE,GRB090510,0.151,1665321419.0,600.0
1665321466.4920118,0.21236455740005578,AGILE,GRB090510,0.151,1665321419.0,600.0
1665321430.2833328,0.39841393665635766,AGILE,GRB090510,0.151,1665321419.0,600.0
1665321482.3993556,0.7813737707500378,AGILE,GRB090510,0.151,1665321419.0,600.0
1665321565.0532024,3.566272445315571,AGILE,GRB090510,0.151,1665321419.0,600.0
1665321553.0697677,0.16394969195288142,AGILE,GRB090510,0.151,1665321419.0,600.0
1665321533.1221566,0.2153261648871692,AGILE,GRB090510,0.151,1665321419.0,600.0
1665321419.6900625,0.12099529351207633,AGILE,GRB090510,0.151,1665321419.0,600.0
1665321519.6783178,0.23992716675065223,AGILE,GRB090510,0.151,1665321419.0,600.0
1665321430.7826757,0.13103892821224217,AGILE,GRB090510,0.151,1665321419.0,600.0
1665321486.939726,0.11632251938967937,AGILE,GRB090510,0.151,1665321419.0,600.0
1665321462.692049,1.6362792160652184,AGILE,GRB090510,0.151,1665321419.0,600.0
1665321442.4947958,0.11095695310506622,AGILE,GRB090510,0.151,1665321419.0,600.0
1665321437.3377697,0.9422978844172203,AGILE,GRB090510,0.151,1665321419.0,600.0
1665321419.1914947,0.20656339297473192,AGILE,GRB090510,0.151,1665321419.0,600.0
1665321432.2703555,0.20121692522621015,AGILE,GRB090510,0.151,1665321419.0,600.0
1665321440.0056264,0.3158899507956878,AGILE,GRB090510,0.151,1665321419.0,600.0
1665321516.8760548,9.062154574088062,AGILE,GRB090510,0.151,1665321419.0,600.0
1665321519.628974,0.1317523246116017,AGILE,GRB090510,0.151,1665321419.0,600.0
1665321494.958376,0.3373838101335638,AGILE,GRB090510,0.151,1665321419.0,600.0
1665321443.5614655,0.5965455317961816,AGILE,GRB090510,0.151,1665321419.0,600.0
1665321457.07384,0.12242955058370353,AGILE,GRB090510,0.151,1665321419.0,600.0
1665321425.130085,0.10455468982901404,AGILE,GRB090510,0.151,1665321419.0,600.0
1665321443.2147787,0.25504952668269504,AGILE,GRB090510,0.151,1665321419.0,600.0
1665321449.6524787,0.2621467042249378,AGILE,GRB090510,0.151,1665321419.0,600.0
1665321495.5024047,0.1691481367032015,AGILE,GRB090510,0.151,1665321419.0,600.0
1665321444.1366436,0.10251074933580683,AGILE,GRB090510,0.151,1665321419.0,600.0
1665321696.791717,1.6514594694631197,AGILE,GRB090510,0.151,1665321419.0,600.0
1665321436.821667,0.12359466212478683,AGILE,GRB090510,0.151,1665321419.0,600.0
1665321483.1346076,0.34985543723492246,AGILE,GRB090510,0.151,1665321419.0,600.0
1665321462.6467729,0.39477800362991133,AGILE,GRB090510,0.151,1665321419.0,600.0
1665321549.4517944,0.10165999317402284,AGILE,GRB090510,0.151,1665321419.0,600.0
1665321584.0883245,0.15557323584617452,AGILE,GRB090510,0.151,1665321419.0,600.0
1665321463.0916693,0.13554288811568818,AGILE,GRB090510,0.151,1665321419.0,600.0
1665321423.6877546,0.13061960517250876,AGILE,GRB090510,0.151,1665321419.0,600.0
1665321488.035198,0.34758858160984474,AGILE,GRB090510,0.151,1665321419.0,600.0
