time,energy,grb_name,redshift,trigger_time,t90,fluence,peak_flux
310492803.5689607,6.283376860280651,GRB150403A,2.06,310492800.0,83.0,0.00011,1.3e-05
310492805.28908134,0.30322426912337774,GRB150403A,2.06,310492800.0,83.0,0.00011,1.3e-05
310492814.8221395,0.10517634867524986,GRB150403A,2.06,310492800.0,83.0,0.00011,1.3e-05
310492811.4873541,0.10404758564393579,GRB150403A,2.06,310492800.0,83.0,0.00011,1.3e-05
310492805.2477677,0.43109917359889255,GRB150403A,2.06,310492800.0,83.0,0.00011,1.3e-05
310492806.84705037,0.22621510697526978,GRB150403A,2.06,310492800.0,83.0,0.00011,1.3e-05
310492800.5373024,7.2358053729149105,GRB150403A,2.06,310492800.0,83.0,0.00011,1.3e-05
310492800.07837373,0.18209123475174305,GRB150403A,2.06,310492800.0,83.0,0.00011,1.3e-05
310492803.0917586,0.6660413295517125,GRB150403A,2.06,310492800.0,83.0,0.00011,1.3e-05
310492803.3134573,0.10881714189890133,GRB150403A,2.06,310492800.0,83.0,0.00011,1.3e-05
310492802.42977244,0.15958128321909176,GRB150403A,2.06,310492800.0,83.0,0.00011,1.3e-05
310492807.3929736,0.14364764313275447,GRB150403A,2.06,310492800.0,83.0,0.00011,1.3e-05
310492805.59940225,0.1212236088183887,GRB150403A,2.06,310492800.0,83.0,0.00011,1.3e-05
310492815.48318416,0.13592875999260798,GRB150403A,2.06,310492800.0,83.0,0.00011,1.3e-05
310492804.4937456,1.7073186063933345,GRB150403A,2.06,310492800.0,83.0,0.00011,1.3e-05
310492826.029964,0.10669618440639105,GRB150403A,2.06,310492800.0,83.0,0.00011,1.3e-05
310492802.3330134,0.1508693686254009,GRB150403A,2.06,310492800.0,83.0,0.00011,1.3e-05
310492819.4577446,0.11640052121159805,GRB150403A,2.06,310492800.0,83.0,0.00011,1.3e-05
310492805.184676,0.15384039044565812,GRB150403A,2.06,310492800.0,83.0,0.00011,1.3e-05
310492804.986114,1.0487125061690559,GRB150403A,2.06,310492800.0,83.0,0.00011,1.3e-05
310492801.69722617,0.2746818337190891,GRB150403A,2.06,310492800.0,83.0,0.00011,1.3e-05
310492814.4530425,1.3146392250594807,GRB150403A,2.06,310492800.0,83.0,0.00011,1.3e-05
310492804.78263515,0.20225756504994866,GRB150403A,2.06,310492800.0,83.0,0.00011,1.3e-05
310492819.92735213,0.25761224780851494,GRB150403A,2.06,310492800.0,83.0,0.00011,1.3e-05
310492800.3662192,0.18711856723045553,GRB150403A,2.06,310492800.0,83.0,0.00011,1.3e-05
310492801.87222433,0.1577545845635813,GRB150403A,2.06,310492800.0,83.0,0.00011,1.3e-05
310492810.27385783,0.14283024215085205,GRB150403A,2.06,310492800.0,83.0,0.00011,1.3e-05
310492808.3481361,0.12316168264125818,GRB150403A,2.06,310492800.0,83.0,0.00011,1.3e-05
310492801.9333505,0.19516796959259392,GRB150403A,2.06,310492800.0,83.0,0.00011,1.3e-05
310492800.0425913,0.5633239618986676,GRB150403A,2.06,310492800.0,83.0,0.00011,1.3e-05
310492807.20730567,0.10017550440734307,GRB150403A,2.06,310492800.0,83.0,0.00011,1.3e-05
310492819.3129382,5.17964165545379,GRB150403A,2.06,310492800.0,83.0,0.00011,1.3e-05
310492817.182106,1.0248249855611953,GRB150403A,2.06,310492800.0,83.0,0.00011,1.3e-05
310492800.3558393,0.10536757617106529,GRB150403A,2.06,310492800.0,83.0,0.00011,1.3e-05
310492820.6115313,0.11175262761557483,GRB150403A,2.06,310492800.0,83.0,0.00011,1.3e-05
310492800.4708654,0.4267642771040799,GRB150403A,2.06,310492800.0,83.0,0.00011,1.3e-05
310492825.4278888,0.15101049941303768,GRB150403A,2.06,310492800.0,83.0,0.00011,1.3e-05
310492829.4214566,0.21368212896160999,GRB150403A,2.06,310492800.0,83.0,0.00011,1.3e-05
310492800.42689353,22.697814325969198,GRB150403A,2.06,310492800.0,83.0,0.00011,1.3e-05
310492801.7859571,0.21164563426321262,GRB150403A,2.06,310492800.0,83.0,0.00011,1.3e-05
310492800.6736096,0.21550325640064338,GRB150403A,2.06,310492800.0,83.0,0.00011,1.3e-05
310492801.5472886,0.44537717239347635,GRB150403A,2.06,310492800.0,83.0,0.00011,1.3e-05
310492804.2907735,0.3688745121521275,GRB150403A,2.06,310492800.0,83.0,0.00011,1.3e-05
310492813.5639544,0.24058483533503644,GRB150403A,2.06,310492800.0,83.0,0.00011,1.3e-05
310492819.2166148,0.1569247005768622,GRB150403A,2.06,310492800.0,83.0,0.00011,1.3e-05
310492805.7047246,0.3330110556460948,GRB150403A,2.06,310492800.0,83.0,0.00011,1.3e-05
310492800.37874115,0.10574293700112691,GRB150403A,2.06,310492800.0,83.0,0.00011,1.3e-05
310492808.6271387,0.10514683310091244,GRB150403A,2.06,310492800.0,83.0,0.00011,1.3e-05
310492803.7236715,1.7896773632076848,GRB150403A,2.06,310492800.0,83.0,0.00011,1.3e-05
310492806.2892332,1.3311381325964708,GRB150403A,2.06,310492800.0,83.0,0.00011,1.3e-05
310492805.7168766,0.15870313387059912,GRB150403A,2.06,310492800.0,83.0,0.00011,1.3e-05
310492800.08157396,0.127551379162092,GRB150403A,2.06,310492800.0,83.0,0.00011,1.3e-05
310492808.58588576,0.43387330565880355,GRB150403A,2.06,310492800.0,83.0,0.00011,1.3e-05
310492812.5756489,0.12768998582708213,GRB150403A,2.06,310492800.0,83.0,0.00011,1.3e-05
310492831.27456933,0.20119612660217664,GRB150403A,2.06,310492800.0,83.0,0.00011,1.3e-05
310492801.7810092,0.15244966962654505,GRB150403A,2.06,310492800.0,83.0,0.00011,1.3e-05
310492830.95475036,2.0198549262006886,GRB150403A,2.06,310492800.0,83.0,0.00011,1.3e-05
310492804.7124554,0.10163698463109068,GRB150403A,2.06,310492800.0,83.0,0.00011,1.3e-05
310492805.2143513,0.1007186570743806,GRB150403A,2.06,310492800.0,83.0,0.00011,1.3e-05
310492816.85235953,0.19582563285684418,GRB150403A,2.06,310492800.0,83.0,0.00011,1.3e-05
310492802.05767196,1.953478633029679,GRB150403A,2.06,310492800.0,83.0,0.00011,1.3e-05
310492801.39957607,0.47562317527956605,GRB150403A,2.06,310492800.0,83.0,0.00011,1.3e-05
310492814.2943461,0.23188047546684692,GRB150403A,2.06,310492800.0,83.0,0.00011,1.3e-05
310492800.354114,0.1849445398570521,GRB150403A,2.06,310492800.0,83.0,0.00011,1.3e-05
310492806.50147516,0.1923127222088678,GRB150403A,2.06,310492800.0,83.0,0.00011,1.3e-05
310492813.97183084,0.2061647317892643,GRB150403A,2.06,310492800.0,83.0,0.00011,1.3e-05
310492806.5440301,0.18791032986027012,GRB150403A,2.06,310492800.0,83.0,0.00011,1.3e-05
310492809.2430503,0.10097130994696382,GRB150403A,2.06,310492800.0,83.0,0.00011,1.3e-05
310492804.6654085,0.4597266680673824,GRB150403A,2.06,310492800.0,83.0,0.00011,1.3e-05
310492806.95153385,0.3100896864008416,GRB150403A,2.06,310492800.0,83.0,0.00011,1.3e-05
310492800.899638,0.29563550428563784,GRB150403A,2.06,310492800.0,83.0,0.00011,1.3e-05
310492807.7422996,0.2753852368467457,GRB150403A,2.06,310492800.0,83.0,0.00011,1.3e-05
310492803.04365337,0.11070919261698733,GRB150403A,2.06,310492800.0,83.0,0.00011,1.3e-05
310492804.30729854,0.18857550226258196,GRB150403A,2.06,310492800.0,83.0,0.00011,1.3e-05
310492816.10113746,0.1604163368398146,GRB150403A,2.06,310492800.0,83.0,0.00011,1.3e-05
310492815.60967726,1.70800479111814,GRB150403A,2.06,310492800.0,83.0,0.00011,1.3e-05
310492802.55237186,0.1419537455405283,GRB150403A,2.06,310492800.0,83.0,0.00011,1.3e-05
310492814.4370424,2.3617650807579245,GRB150403A,2.06,310492800.0,83.0,0.00011,1.3e-05
310492801.5320082,0.20702891233294182,GRB150403A,2.06,310492800.0,83.0,0.00011,1.3e-05
310492816.03554,0.5574085528436287,GRB150403A,2.06,310492800.0,83.0,0.00011,1.3e-05
310492807.66714615,0.4508444104873355,GRB150403A,2.06,310492800.0,83.0,0.00011,1.3e-05
310492820.25686044,0.9562884774965976,GRB150403A,2.06,310492800.0,83.0,0.00011,1.3e-05
310492801.5366983,0.20328606021494044,GRB150403A,2.06,310492800.0,83.0,0.00011,1.3e-05
310492804.33141553,0.22828173758066234,GRB150403A,2.06,310492800.0,83.0,0.00011,1.3e-05
310492813.79565364,1.3082297245578982,GRB150403A,2.06,310492800.0,83.0,0.00011,1.3e-05
310492801.36647207,0.34385600719153475,GRB150403A,2.06,310492800.0,83.0,0.00011,1.3e-05
310492800.187682,0.2260723081970246,GRB150403A,2.06,310492800.0,83.0,0.00011,1.3e-05
310492800.0894437,0.19846231098710643,GRB150403A,2.06,310492800.0,83.0,0.00011,1.3e-05
310492808.4560463,0.13885351320417078,GRB150403A,2.06,310492800.0,83.0,0.00011,1.3e-05
310492801.55411524,0.1241935091664991,GRB150403A,2.06,310492800.0,83.0,0.00011,1.3e-05
310492811.4658028,0.1666847109742149,GRB150403A,2.06,310492800.0,83.0,0.00011,1.3e-05
310492800.2354284,0.19957864361648392,GRB150403A,2.06,310492800.0,83.0,0.00011,1.3e-05
310492800.313596,0.12986359162564245,GRB150403A,2.06,310492800.0,83.0,0.00011,1.3e-05
310492809.39491117,0.5022692135614989,GRB150403A,2.06,310492800.0,83.0,0.00011,1.3e-05
310492804.5678155,0.15917154136153994,GRB150403A,2.06,310492800.0,83.0,0.00011,1.3e-05
310492804.0553007,1.3501609505510839,GRB150403A,2.06,310492800.0,83.0,0.00011,1.3e-05
310492809.2693508,1.0776689262584493,GRB150403A,2.06,310492800.0,83.0,0.00011,1.3e-05
310492807.2507287,0.14965367998730694,GRB150403A,2.06,310492800.0,83.0,0.00011,1.3e-05
310492810.71376044,0.12129646581495653,GRB150403A,2.06,310492800.0,83.0,0.00011,1.3e-05
310492804.40066063,0.36028011911185975,GRB150403A,2.06,310492800.0,83.0,0.00011,1.3e-05
310492806.0969139,0.23113859224730682,GRB150403A,2.06,310492800.0,83.0,0.00011,1.3e-05
310492801.3237568,0.11399124381138065,GRB150403A,2.06,310492800.0,83.0,0.00011,1.3e-05
310492802.0697414,0.7778073185523127,GRB150403A,2.06,310492800.0,83.0,0.00011,1.3e-05
310492819.8884339,0.3831688860164486,GRB150403A,2.06,310492800.0,83.0,0.00011,1.3e-05
310492801.0323244,0.10641668693316537,GRB150403A,2.06,310492800.0,83.0,0.00011,1.3e-05
310492802.04753274,0.12454860765465366,GRB150403A,2.06,310492800.0,83.0,0.00011,1.3e-05
310492803.6349619,0.21189909526673914,GRB150403A,2.06,310492800.0,83.0,0.00011,1.3e-05
310492802.00343585,0.21871824780384547,GRB150403A,2.06,310492800.0,83.0,0.00011,1.3e-05
310492810.00837934,0.647166692602152,GRB150403A,2.06,310492800.0,83.0,0.00011,1.3e-05
310492803.5049504,0.11135563235086716,GRB150403A,2.06,310492800.0,83.0,0.00011,1.3e-05
310492809.3917439,0.18392981521410723,GRB150403A,2.06,310492800.0,83.0,0.00011,1.3e-05
310492803.38061464,0.15542879551140087,GRB150403A,2.06,310492800.0,83.0,0.00011,1.3e-05
310492802.1421287,0.17271129649629077,GRB150403A,2.06,310492800.0,83.0,0.00011,1.3e-05
310492804.75739145,0.2261265464946547,GRB150403A,2.06,310492800.0,83.0,0.00011,1.3e-05
310492808.8277208,0.2173871838533771,GRB150403A,2.06,310492800.0,83.0,0.00011,1.3e-05
310492800.91247505,0.7432248948107151,GRB150403A,2.06,310492800.0,83.0,0.00011,1.3e-05
310492802.36738724,0.12725874089838124,GRB150403A,2.06,310492800.0,83.0,0.00011,1.3e-05
310492804.915152,0.48044110020692865,GRB150403A,2.06,310492800.0,83.0,0.00011,1.3e-05
310492808.9845616,0.13991170935373834,GRB150403A,2.06,310492800.0,83.0,0.00011,1.3e-05
310492801.1085982,0.104406334294129,GRB150403A,2.06,310492800.0,83.0,0.00011,1.3e-05
310492808.891604,0.17827447294928273,GRB150403A,2.06,310492800.0,83.0,0.00011,1.3e-05
310492800.3315865,0.3101361475435067,GRB150403A,2.06,310492800.0,83.0,0.00011,1.3e-05
310492815.4473152,0.35383467787409195,GRB150403A,2.06,310492800.0,83.0,0.00011,1.3e-05
310492801.21324724,0.13165506746326586,GRB150403A,2.06,310492800.0,83.0,0.00011,1.3e-05
310492800.5630541,0.2850839190279893,GRB150403A,2.06,310492800.0,83.0,0.00011,1.3e-05
310492812.5657,0.1759210483937399,GRB150403A,2.06,310492800.0,83.0,0.00011,1.3e-05
310492804.1124455,0.18227067235942562,GRB150403A,2.06,310492800.0,83.0,0.00011,1.3e-05
310492802.3546136,0.19404364576467917,GRB150403A,2.06,310492800.0,83.0,0.00011,1.3e-05
310492805.5666278,0.36185439523566565,GRB150403A,2.06,310492800.0,83.0,0.00011,1.3e-05
310492820.040935,0.24911486868599578,GRB150403A,2.06,310492800.0,83.0,0.00011,1.3e-05
310492806.85736775,1.0206262880963157,GRB150403A,2.06,310492800.0,83.0,0.00011,1.3e-05
310492813.0231364,0.45595748019063304,GRB150403A,2.06,310492800.0,83.0,0.00011,1.3e-05
310492820.7903587,2.219037557896233,GRB150403A,2.06,310492800.0,83.0,0.00011,1.3e-05
310492804.9891933,0.10195360587538012,GRB150403A,2.06,310492800.0,83.0,0.00011,1.3e-05
310492825.7735615,0.658948080579844,GRB150403A,2.06,310492800.0,83.0,0.00011,1.3e-05
310492807.3090611,0.1363619897369375,GRB150403A,2.06,310492800.0,83.0,0.00011,1.3e-05
310492807.5897716,0.14448715433332135,GRB150403A,2.06,310492800.0,83.0,0.00011,1.3e-05
310492817.7004433,0.13425695666055867,GRB150403A,2.06,310492800.0,83.0,0.00011,1.3e-05
310492805.1957116,0.814070661380138,GRB150403A,2.06,310492800.0,83.0,0.00011,1.3e-05
310492803.62019867,4.823141559205975,GRB150403A,2.06,310492800.0,83.0,0.00011,1.3e-05
310492800.85950994,0.1930224955183626,GRB150403A,2.06,310492800.0,83.0,0.00011,1.3e-05
310492803.495382,0.8033253842395072,GRB150403A,2.06,310492800.0,83.0,0.00011,1.3e-05
310492808.6296141,0.1042577407057777,GRB150403A,2.06,310492800.0,83.0,0.00011,1.3e-05
310492809.03615725,0.5400443561626835,GRB150403A,2.06,310492800.0,83.0,0.00011,1.3e-05
310492804.9802889,0.10715431391609581,GRB150403A,2.06,310492800.0,83.0,0.00011,1.3e-05
310492809.0890815,0.1232475603993555,GRB150403A,2.06,310492800.0,83.0,0.00011,1.3e-05
310492808.0762003,0.7818473872608295,GRB150403A,2.06,310492800.0,83.0,0.00011,1.3e-05
310492828.93448424,0.20219813283089444,GRB150403A,2.06,310492800.0,83.0,0.00011,1.3e-05
310492816.38537675,0.2298920615428266,GRB150403A,2.06,310492800.0,83.0,0.00011,1.3e-05
310492812.58658475,0.2822516874742953,GRB150403A,2.06,310492800.0,83.0,0.00011,1.3e-05
310492801.61350614,0.10262746824240468,GRB150403A,2.06,310492800.0,83.0,0.00011,1.3e-05
310492805.8002315,0.15557154423739405,GRB150403A,2.06,310492800.0,83.0,0.00011,1.3e-05
310492808.500187,0.13591510196525156,GRB150403A,2.06,310492800.0,83.0,0.00011,1.3e-05
310492803.72327936,0.24124197341099093,GRB150403A,2.06,310492800.0,83.0,0.00011,1.3e-05
310492801.5969351,0.1646492900467521,GRB150403A,2.06,310492800.0,83.0,0.00011,1.3e-05
310492802.53379387,0.166656148301667,GRB150403A,2.06,310492800.0,83.0,0.00011,1.3e-05
310492809.1457413,0.16314247378623453,GRB150403A,2.06,310492800.0,83.0,0.00011,1.3e-05
310492813.77430815,0.2617553898625661,GRB150403A,2.06,310492800.0,83.0,0.00011,1.3e-05
310492805.46052945,0.1738857403599605,GRB150403A,2.06,310492800.0,83.0,0.00011,1.3e-05
310492802.6787971,0.105386871192601,GRB150403A,2.06,310492800.0,83.0,0.00011,1.3e-05
310492816.55405426,0.2605656473220583,GRB150403A,2.06,310492800.0,83.0,0.00011,1.3e-05
310492825.2579709,1.1153178414155454,GRB150403A,2.06,310492800.0,83.0,0.00011,1.3e-05
310492813.5824295,2.0415492754095625,GRB150403A,2.06,310492800.0,83.0,0.00011,1.3e-05
310492800.45106894,0.14566234908541395,GRB150403A,2.06,310492800.0,83.0,0.00011,1.3e-05
310492805.34409755,0.11429681937303365,GRB150403A,2.06,310492800.0,83.0,0.00011,1.3e-05
310492803.7570943,0.6147762118562698,GRB150403A,2.06,310492800.0,83.0,0.00011,1.3e-05
310492816.6098455,0.12114772223193178,GRB150403A,2.06,310492800.0,83.0,0.00011,1.3e-05
310492818.8413744,0.19354251920211546,GRB150403A,2.06,310492800.0,83.0,0.00011,1.3e-05
310492806.9519872,0.4614700426737963,GRB150403A,2.06,310492800.0,83.0,0.00011,1.3e-05
310492806.0253509,0.20432134367203367,GRB150403A,2.06,310492800.0,83.0,0.00011,1.3e-05
310492801.99769706,0.11097984574719413,GRB150403A,2.06,310492800.0,83.0,0.00011,1.3e-05
310492810.1149672,0.47304072712987244,GRB150403A,2.06,310492800.0,83.0,0.00011,1.3e-05
310492809.3371881,0.262312634396362,GRB150403A,2.06,310492800.0,83.0,0.00011,1.3e-05
310492822.9620109,0.321200635661502,GRB150403A,2.06,310492800.0,83.0,0.00011,1.3e-05
310492811.16751605,0.1715247787300814,GRB150403A,2.06,310492800.0,83.0,0.00011,1.3e-05
310492801.9836408,0.10568297179437858,GRB150403A,2.06,310492800.0,83.0,0.00011,1.3e-05
310492801.9078752,0.14855756026217057,GRB150403A,2.06,310492800.0,83.0,0.00011,1.3e-05
310492819.23499846,0.13454544436537583,GRB150403A,2.06,310492800.0,83.0,0.00011,1.3e-05
310492817.84416336,0.150587483830635,GRB150403A,2.06,310492800.0,83.0,0.00011,1.3e-05
310492802.26267403,0.10323909462425643,GRB150403A,2.06,310492800.0,83.0,0.00011,1.3e-05
310492815.0610995,0.39970516088978764,GRB150403A,2.06,310492800.0,83.0,0.00011,1.3e-05
310492817.2181725,0.15021533947590246,GRB150403A,2.06,310492800.0,83.0,0.00011,1.3e-05
310492804.04149634,0.18400603434804433,GRB150403A,2.06,310492800.0,83.0,0.00011,1.3e-05
310492801.9974828,0.16409722688728115,GRB150403A,2.06,310492800.0,83.0,0.00011,1.3e-05
310492800.6300884,0.3721884024395097,GRB150403A,2.06,310492800.0,83.0,0.00011,1.3e-05
310492805.41561556,1.1937394851222107,GRB150403A,2.06,310492800.0,83.0,0.00011,1.3e-05
310492809.32411206,0.13693622355865337,GRB150403A,2.06,310492800.0,83.0,0.00011,1.3e-05
310492801.37924874,0.15003680745111014,GRB150403A,2.06,310492800.0,83.0,0.00011,1.3e-05
310492801.3230887,0.17218366023754134,GRB150403A,2.06,310492800.0,83.0,0.00011,1.3e-05
310492809.5990432,1.1628782728172056,GRB150403A,2.06,310492800.0,83.0,0.00011,1.3e-05
310492804.16481304,0.20528622741293587,GRB150403A,2.06,310492800.0,83.0,0.00011,1.3e-05
310492808.3575155,1.4329008785692523,GRB150403A,2.06,310492800.0,83.0,0.00011,1.3e-05
310492808.0628523,0.6133395771189138,GRB150403A,2.06,310492800.0,83.0,0.00011,1.3e-05
310492800.95328647,1.2226734348893564,GRB150403A,2.06,310492800.0,83.0,0.00011,1.3e-05
310492805.6966527,0.27485595928691753,GRB150403A,2.06,310492800.0,83.0,0.00011,1.3e-05
310492807.769224,0.7474069146626547,GRB150403A,2.06,310492800.0,83.0,0.00011,1.3e-05
310492802.19958943,0.5519134514215718,GRB150403A,2.06,310492800.0,83.0,0.00011,1.3e-05
310492803.1328194,0.18278283695746692,GRB150403A,2.06,310492800.0,83.0,0.00011,1.3e-05
310492813.90789896,0.1416204423211242,GRB150403A,2.06,310492800.0,83.0,0.00011,1.3e-05
310492805.91960716,0.1456949054629074,GRB150403A,2.06,310492800.0,83.0,0.00011,1.3e-05
310492810.7978532,0.12658290826577698,GRB150403A,2.06,310492800.0,83.0,0.00011,1.3e-05
310492809.47888976,0.12316049143306891,GRB150403A,2.06,310492800.0,83.0,0.00011,1.3e-05
310492801.254512,0.1251282592981717,GRB150403A,2.06,310492800.0,83.0,0.00011,1.3e-05
310492802.6591792,2.004929251076726,GRB150403A,2.06,310492800.0,83.0,0.00011,1.3e-05
310492809.7585161,0.2154673758669921,GRB150403A,2.06,310492800.0,83.0,0.00011,1.3e-05
310492801.7969034,0.1248425407511552,GRB150403A,2.06,310492800.0,83.0,0.00011,1.3e-05
310492806.55502594,0.10540109307131079,GRB150403A,2.06,310492800.0,83.0,0.00011,1.3e-05
310492806.6452227,0.16809073379898,GRB150403A,2.06,310492800.0,83.0,0.00011,1.3e-05
310492802.68961734,0.17239586704719742,GRB150403A,2.06,310492800.0,83.0,0.00011,1.3e-05
310492802.9440954,3.2426318161900607,GRB150403A,2.06,310492800.0,83.0,0.00011,1.3e-05
310492803.783303,0.15973821042582742,GRB150403A,2.06,310492800.0,83.0,0.00011,1.3e-05
310492812.0129457,0.49042390903409105,GRB150403A,2.06,310492800.0,83.0,0.00011,1.3e-05
310492811.16461194,0.2662597113728162,GRB150403A,2.06,310492800.0,83.0,0.00011,1.3e-05
310492800.1946941,0.8289379827758913,GRB150403A,2.06,310492800.0,83.0,0.00011,1.3e-05
310492808.5026437,0.18390257048562034,GRB150403A,2.06,310492800.0,83.0,0.00011,1.3e-05
310492802.7960507,0.7211755756086301,GRB150403A,2.06,310492800.0,83.0,0.00011,1.3e-05
310492800.8948,0.1432841167216668,GRB150403A,2.06,310492800.0,83.0,0.00011,1.3e-05
310492802.0635958,0.28771933103393965,GRB150403A,2.06,310492800.0,83.0,0.00011,1.3e-05
310492801.08437043,0.14447573304733177,GRB150403A,2.06,310492800.0,83.0,0.00011,1.3e-05
310492817.0810887,0.1710263458189828,GRB150403A,2.06,310492800.0,83.0,0.00011,1.3e-05
310492804.45552593,4.255992600040687,GRB150403A,2.06,310492800.0,83.0,0.00011,1.3e-05
310492819.2506089,0.1373342210138205,GRB150403A,2.06,310492800.0,83.0,0.00011,1.3e-05
310492808.23735905,0.14267005297314342,GRB150403A,2.06,310492800.0,83.0,0.00011,1.3e-05
310492802.1794319,0.1037653130044171,GRB150403A,2.06,310492800.0,83.0,0.00011,1.3e-05
310492800.540925,0.1343689402312432,GRB150403A,2.06,310492800.0,83.0,0.00011,1.3e-05
310492800.33421385,1.0151607401425433,GRB150403A,2.06,310492800.0,83.0,0.00011,1.3e-05
310492808.87797076,0.36509499495403624,GRB150403A,2.06,310492800.0,83.0,0.00011,1.3e-05
310492801.1350545,3.539338238144989,GRB150403A,2.06,310492800.0,83.0,0.00011,1.3e-05
310492806.1435114,0.3062091266957061,GRB150403A,2.06,310492800.0,83.0,0.00011,1.3e-05
310492805.88624746,0.1141969793402768,GRB150403A,2.06,310492800.0,83.0,0.00011,1.3e-05
310492801.3516303,0.873763511964795,GRB150403A,2.06,310492800.0,83.0,0.00011,1.3e-05
310492802.79509395,0.15609117503492898,GRB150403A,2.06,310492800.0,83.0,0.00011,1.3e-05
310492800.8854488,0.18995988493467977,GRB150403A,2.06,310492800.0,83.0,0.00011,1.3e-05
310492808.30311966,0.8977484695300995,GRB150403A,2.06,310492800.0,83.0,0.00011,1.3e-05
310492812.7737041,0.165299274675283,GRB150403A,2.06,310492800.0,83.0,0.00011,1.3e-05
310492801.1071358,0.12514153691852575,GRB150403A,2.06,310492800.0,83.0,0.00011,1.3e-05
310492800.8581897,0.30722643146117956,GRB150403A,2.06,310492800.0,83.0,0.00011,1.3e-05
310492826.0676061,1.7648412971799265,GRB150403A,2.06,310492800.0,83.0,0.00011,1.3e-05
310492809.44908893,0.22489064141569207,GRB150403A,2.06,310492800.0,83.0,0.00011,1.3e-05
310492821.546424,3.7302332907587648,GRB150403A,2.06,310492800.0,83.0,0.00011,1.3e-05
310492800.64435995,0.2828721967765082,GRB150403A,2.06,310492800.0,83.0,0.00011,1.3e-05
310492810.4227722,0.7690701903293085,GRB150403A,2.06,310492800.0,83.0,0.00011,1.3e-05
310492804.1767031,0.3074189170878906,GRB150403A,2.06,310492800.0,83.0,0.00011,1.3e-05
310492806.0115571,0.10627128733026275,GRB150403A,2.06,310492800.0,83.0,0.00011,1.3e-05
310492804.6427189,0.18404656328004665,GRB150403A,2.06,310492800.0,83.0,0.00011,1.3e-05
310492802.0456137,0.10641978584983343,GRB150403A,2.06,310492800.0,83.0,0.00011,1.3e-05
310492806.89587307,0.11965096208436098,GRB150403A,2.06,310492800.0,83.0,0.00011,1.3e-05
310492803.57477343,0.2624189155195666,GRB150403A,2.06,310492800.0,83.0,0.00011,1.3e-05
310492819.078748,0.6631585766814743,GRB150403A,2.06,310492800.0,83.0,0.00011,1.3e-05
310492807.714893,0.10508298151560161,GRB150403A,2.06,310492800.0,83.0,0.00011,1.3e-05
310492800.6973572,0.1190183486702646,GRB150403A,2.06,310492800.0,83.0,0.00011,1.3e-05
310492801.3076246,0.8048570466366635,GRB150403A,2.06,310492800.0,83.0,0.00011,1.3e-05
310492813.95253515,0.12108624509787723,GRB150403A,2.06,310492800.0,83.0,0.00011,1.3e-05
310492805.2229624,9.36863457512409,GRB150403A,2.06,310492800.0,83.0,0.00011,1.3e-05
310492808.3253442,0.245605480117252,GRB150403A,2.06,310492800.0,83.0,0.00011,1.3e-05
310492800.894345,0.11571979450561297,GRB150403A,2.06,310492800.0,83.0,0.00011,1.3e-05
310492805.3786095,0.10586840803114961,GRB150403A,2.06,310492800.0,83.0,0.00011,1.3e-05
310492809.1934314,0.8978049044464709,GRB150403A,2.06,310492800.0,83.0,0.00011,1.3e-05
310492806.30999726,0.3847880618267961,GRB150403A,2.06,310492800.0,83.0,0.00011,1.3e-05
310492805.908014,0.14283563752755818,GRB150403A,2.06,310492800.0,83.0,0.00011,1.3e-05
310492822.3734188,0.21056712897098828,GRB150403A,2.06,310492800.0,83.0,0.00011,1.3e-05
310492802.6123757,0.14656222215334724,GRB150403A,2.06,310492800.0,83.0,0.00011,1.3e-05
310492804.4615895,10.934295297019428,GRB150403A,2.06,310492800.0,83.0,0.00011,1.3e-05
310492816.05745894,0.18148619966096113,GRB150403A,2.06,310492800.0,83.0,0.00011,1.3e-05
310492801.1859705,0.10327046156579718,GRB150403A,2.06,310492800.0,83.0,0.00011,1.3e-05
310492800.9823606,0.10860443587535591,GRB150403A,2.06,310492800.0,83.0,0.00011,1.3e-05
310492800.16923636,0.13627507776726308,GRB150403A,2.06,310492800.0,83.0,0.00011,1.3e-05
310492807.14037305,0.18974414382498933,GRB150403A,2.06,310492800.0,83.0,0.00011,1.3e-05
310492815.7812083,0.22568428748028327,GRB150403A,2.06,310492800.0,83.0,0.00011,1.3e-05
310492811.05437434,0.12686628366720706,GRB150403A,2.06,310492800.0,83.0,0.00011,1.3e-05
310492818.0849436,0.20066005239732904,GRB150403A,2.06,310492800.0,83.0,0.00011,1.3e-05
310492833.1158353,0.4713079886132359,GRB150403A,2.06,310492800.0,83.0,0.00011,1.3e-05
310492829.88266283,0.48607380669552164,GRB150403A,2.06,310492800.0,83.0,0.00011,1.3e-05
310492809.3165813,0.6776701335814638,GRB150403A,2.06,310492800.0,83.0,0.00011,1.3e-05
310492802.5323231,0.6446935138187762,GRB150403A,2.06,310492800.0,83.0,0.00011,1.3e-05
310492820.98658377,0.22826395954773404,GRB150403A,2.06,310492800.0,83.0,0.00011,1.3e-05
310492813.3766168,0.11202096352303839,GRB150403A,2.06,310492800.0,83.0,0.00011,1.3e-05
310492802.46519566,0.1611046043539217,GRB150403A,2.06,310492800.0,83.0,0.00011,1.3e-05
310492812.6067532,0.1988085244480977,GRB150403A,2.06,310492800.0,83.0,0.00011,1.3e-05
310492814.29937786,0.24043016789750557,GRB150403A,2.06,310492800.0,83.0,0.00011,1.3e-05
310492801.64084876,0.12779822021743664,GRB150403A,2.06,310492800.0,83.0,0.00011,1.3e-05
310492802.90095246,0.17545746353413108,GRB150403A,2.06,310492800.0,83.0,0.00011,1.3e-05
310492808.2400594,0.1645048364453613,GRB150403A,2.06,310492800.0,83.0,0.00011,1.3e-05
310492808.58986413,0.1907009373869334,GRB150403A,2.06,310492800.0,83.0,0.00011,1.3e-05
310492803.74879175,0.1787899282594123,GRB150403A,2.06,310492800.0,83.0,0.00011,1.3e-05
310492829.920566,0.13404366209576418,GRB150403A,2.06,310492800.0,83.0,0.00011,1.3e-05
310492810.8907387,0.36779976815266424,GRB150403A,2.06,310492800.0,83.0,0.00011,1.3e-05
310492803.54481435,0.10093691368642908,GRB150403A,2.06,310492800.0,83.0,0.00011,1.3e-05
310492813.9172528,0.40555592192123335,GRB150403A,2.06,310492800.0,83.0,0.00011,1.3e-05
310492802.9935541,0.349723209369802,GRB150403A,2.06,310492800.0,83.0,0.00011,1.3e-05
310492802.28780735,0.3802687332683581,GRB150403A,2.06,310492800.0,83.0,0.00011,1.3e-05
310492804.30497843,0.12220839973519111,GRB150403A,2.06,310492800.0,83.0,0.00011,1.3e-05
310492800.22934175,0.2212924649350741,GRB150403A,2.06,310492800.0,83.0,0.00011,1.3e-05
310492801.192188,0.20345124618583266,GRB150403A,2.06,310492800.0,83.0,0.00011,1.3e-05
310492806.95321345,0.10888710964379943,GRB150403A,2.06,310492800.0,83.0,0.00011,1.3e-05
310492804.6913964,0.3636131107054755,GRB150403A,2.06,310492800.0,83.0,0.00011,1.3e-05
310492803.20460266,0.12842731788826858,GRB150403A,2.06,310492800.0,83.0,0.00011,1.3e-05
310492807.5218445,0.25996571859205275,GRB150403A,2.06,310492800.0,83.0,0.00011,1.3e-05
310492805.6296071,0.11298911139500555,GRB150403A,2.06,310492800.0,83.0,0.00011,1.3e-05
310492802.3570193,0.6886061314890287,GRB150403A,2.06,310492800.0,83.0,0.00011,1.3e-05
310492804.81793994,0.32881627688679743,GRB150403A,2.06,310492800.0,83.0,0.00011,1.3e-05
310492807.5069571,0.18425674697066086,GRB150403A,2.06,310492800.0,83.0,0.00011,1.3e-05
310492826.2943299,1.5777236331908362,GRB150403A,2.06,310492800.0,83.0,0.00011,1.3e-05
310492816.55109715,0.17209150517666913,GRB150403A,2.06,310492800.0,83.0,0.00011,1.3e-05
310492801.50964975,0.3070417455900165,GRB150403A,2.06,310492800.0,83.0,0.00011,1.3e-05
310492807.46929574,0.4094901217485314,GRB150403A,2.06,310492800.0,83.0,0.00011,1.3e-05
310492819.566736,0.2538312970267107,GRB150403A,2.06,310492800.0,83.0,0.00011,1.3e-05
310492801.0727826,0.1392525003805483,GRB150403A,2.06,310492800.0,83.0,0.00011,1.3e-05
310492804.0838312,0.2214597352518152,GRB150403A,2.06,310492800.0,83.0,0.00011,1.3e-05
310492808.19897777,0.5696476849443968,GRB150403A,2.06,310492800.0,83.0,0.00011,1.3e-05
310492819.5636346,1.1037762954106172,GRB150403A,2.06,310492800.0,83.0,0.00011,1.3e-05
310492800.8866442,0.19580054540274827,GRB150403A,2.06,310492800.0,83.0,0.00011,1.3e-05
310492802.2558089,0.2252120817772003,GRB150403A,2.06,310492800.0,83.0,0.00011,1.3e-05
310492800.31656456,0.3616641125597143,GRB150403A,2.06,310492800.0,83.0,0.00011,1.3e-05
310492811.3956542,0.23564438742301919,GRB150403A,2.06,310492800.0,83.0,0.00011,1.3e-05
310492803.4075965,2.0247817146230416,GRB150403A,2.06,310492800.0,83.0,0.00011,1.3e-05
310492802.1808522,3.829535353097918,GRB150403A,2.06,310492800.0,83.0,0.00011,1.3e-05
310492813.0040107,0.2287785029595979,GRB150403A,2.06,310492800.0,83.0,0.00011,1.3e-05
310492821.3800481,0.10171582694290496,GRB150403A,2.06,310492800.0,83.0,0.00011,1.3e-05
310492800.1445082,0.6249990070760416,GRB150403A,2.06,310492800.0,83.0,0.00011,1.3e-05
310492829.21099335,0.46476831619408837,GRB150403A,2.06,310492800.0,83.0,0.00011,1.3e-05
310492802.0470426,0.10746330014556911,GRB150403A,2.06,310492800.0,83.0,0.00011,1.3e-05
310492803.90669525,0.11749288322766115,GRB150403A,2.06,310492800.0,83.0,0.00011,1.3e-05
310492805.3909382,0.14855617001151292,GRB150403A,2.06,310492800.0,83.0,0.00011,1.3e-05
310492804.80727893,0.24509676626479543,GRB150403A,2.06,310492800.0,83.0,0.00011,1.3e-05
310492808.6824492,0.15814355931902085,GRB150403A,2.06,310492800.0,83.0,0.00011,1.3e-05
310492802.4291518,0.1131306461675351,GRB150403A,2.06,310492800.0,83.0,0.00011,1.3e-05
310492810.27368134,0.5790557806399559,GRB150403A,2.06,310492800.0,83.0,0.00011,1.3e-05
310492801.63694626,0.8863623373269042,GRB150403A,2.06,310492800.0,83.0,0.00011,1.3e-05
310492817.4174099,0.3073159336866866,GRB150403A,2.06,310492800.0,83.0,0.00011,1.3e-05
310492806.90615344,0.1365080812663639,GRB150403A,2.06,310492800.0,83.0,0.00011,1.3e-05
310492820.27340883,0.20737773233296797,GRB150403A,2.06,310492800.0,83.0,0.00011,1.3e-05
310492814.33052325,1.0236807863946866,GRB150403A,2.06,310492800.0,83.0,0.00011,1.3e-05
310492801.6319958,0.21491817867738408,GRB150403A,2.06,310492800.0,83.0,0.00011,1.3e-05
310492800.2654874,0.15016109296804345,GRB150403A,2.06,310492800.0,83.0,0.00011,1.3e-05
310492800.004175,0.21524675668917737,GRB150403A,2.06,310492800.0,83.0,0.00011,1.3e-05
310492801.8811985,0.17996115874477137,GRB150403A,2.06,310492800.0,83.0,0.00011,1.3e-05
310492805.0162744,0.10173860856169525,GRB150403A,2.06,310492800.0,83.0,0.00011,1.3e-05
310492801.457901,0.44727768300887877,GRB150403A,2.06,310492800.0,83.0,0.00011,1.3e-05
310492860.1555679,0.10628423806476368,GRB150403A,2.06,310492800.0,83.0,0.00011,1.3e-05
310492801.3872353,0.6617401290792051,GRB150403A,2.06,310492800.0,83.0,0.00011,1.3e-05
310492816.2606452,0.10109233160484676,GRB150403A,2.06,310492800.0,83.0,0.00011,1.3e-05
310492805.10413206,0.3006974179182193,GRB150403A,2.06,310492800.0,83.0,0.00011,1.3e-05
310492803.14248514,0.11299092609107893,GRB150403A,2.06,310492800.0,83.0,0.00011,1.3e-05
310492808.4446157,0.4822924579981721,GRB150403A,2.06,310492800.0,83.0,0.00011,1.3e-05
310492819.2023899,0.11249425595317042,GRB150403A,2.06,310492800.0,83.0,0.00011,1.3e-05
310492805.2760395,0.31745906283492586,GRB150403A,2.06,310492800.0,83.0,0.00011,1.3e-05
310492801.77130985,0.12246263288993786,GRB150403A,2.06,310492800.0,83.0,0.00011,1.3e-05
310492804.20068556,0.16468979369222933,GRB150403A,2.06,310492800.0,83.0,0.00011,1.3e-05
310492810.1360991,0.3681679369000929,GRB150403A,2.06,310492800.0,83.0,0.00011,1.3e-05
310492800.9726508,0.1478919519305857,GRB150403A,2.06,310492800.0,83.0,0.00011,1.3e-05
310492800.34526646,0.16927937120788897,GRB150403A,2.06,310492800.0,83.0,0.00011,1.3e-05
310492802.32177955,0.7848619606873924,GRB150403A,2.06,310492800.0,83.0,0.00011,1.3e-05
310492811.80281925,0.575942887613043,GRB150403A,2.06,310492800.0,83.0,0.00011,1.3e-05
310492810.1798877,0.12228528695773813,GRB150403A,2.06,310492800.0,83.0,0.00011,1.3e-05
310492809.1872081,0.13994636119961623,GRB150403A,2.06,310492800.0,83.0,0.00011,1.3e-05
310492815.61294,0.2516415700719125,GRB150403A,2.06,310492800.0,83.0,0.00011,1.3e-05
310492811.78551114,0.17730524618612215,GRB150403A,2.06,310492800.0,83.0,0.00011,1.3e-05
310492805.86986643,0.2785565236091864,GRB150403A,2.06,310492800.0,83.0,0.00011,1.3e-05
310492814.34281087,3.2340755825354837,GRB150403A,2.06,310492800.0,83.0,0.00011,1.3e-05
310492805.9821006,2.898669575761301,GRB150403A,2.06,310492800.0,83.0,0.00011,1.3e-05
310492805.20527685,0.1852921985560704,GRB150403A,2.06,310492800.0,83.0,0.00011,1.3e-05
310492801.721534,0.12956186073003692,GRB150403A,2.06,310492800.0,83.0,0.00011,1.3e-05
310492806.6298318,0.23203478912735243,GRB150403A,2.06,310492800.0,83.0,0.00011,1.3e-05
310492811.67893845,0.6967804761329899,GRB150403A,2.06,310492800.0,83.0,0.00011,1.3e-05
310492800.8200038,0.2829005066451676,GRB150403A,2.06,310492800.0,83.0,0.00011,1.3e-05
310492820.1653166,0.2961657964404964,GRB150403A,2.06,310492800.0,83.0,0.00011,1.3e-05
310492805.802129,0.11851898545004758,GRB150403A,2.06,310492800.0,83.0,0.00011,1.3e-05
310492800.193321,0.10509159182359701,GRB150403A,2.06,310492800.0,83.0,0.00011,1.3e-05
310492807.23861706,0.33319229506237197,GRB150403A,2.06,310492800.0,83.0,0.00011,1.3e-05
310492814.5633049,0.2691354647970068,GRB150403A,2.06,310492800.0,83.0,0.00011,1.3e-05
310492803.4687346,0.341828013130169,GRB150403A,2.06,310492800.0,83.0,0.00011,1.3e-05
310492812.14343894,0.28273640775227654,GRB150403A,2.06,310492800.0,83.0,0.00011,1.3e-05
310492836.4167646,0.3010190331355599,GRB150403A,2.06,310492800.0,83.0,0.00011,1.3e-05
310492804.3993531,0.10409306128105021,GRB150403A,2.06,310492800.0,83.0,0.00011,1.3e-05
310492807.3397363,14.1871549364599,GRB150403A,2.06,310492800.0,83.0,0.00011,1.3e-05
310492801.0435259,0.1448016314866746,GRB150403A,2.06,310492800.0,83.0,0.00011,1.3e-05
310492802.47948235,0.10471416625990959,GRB150403A,2.06,310492800.0,83.0,0.00011,1.3e-05
310492815.943644,0.24717725086712586,GRB150403A,2.06,310492800.0,83.0,0.00011,1.3e-05
310492806.8621837,0.13423410195931382,GRB150403A,2.06,310492800.0,83.0,0.00011,1.3e-05
310492800.01192075,0.2553546992064274,GRB150403A,2.06,310492800.0,83.0,0.00011,1.3e-05
310492806.05797464,0.17333695245771064,GRB150403A,2.06,310492800.0,83.0,0.00011,1.3e-05
310492830.00904655,0.21515138770746858,GRB150403A,2.06,310492800.0,83.0,0.00011,1.3e-05
310492805.9079674,0.9082177987966402,GRB150403A,2.06,310492800.0,83.0,0.00011,1.3e-05
310492800.4674434,0.6456807214060168,GRB150403A,2.06,310492800.0,83.0,0.00011,1.3e-05
310492800.10242426,0.5266046892718952,GRB150403A,2.06,310492800.0,83.0,0.00011,1.3e-05
310492804.2967988,0.1702925386806909,GRB150403A,2.06,310492800.0,83.0,0.00011,1.3e-05
310492801.5974641,0.2251425765976051,GRB150403A,2.06,310492800.0,83.0,0.00011,1.3e-05
310492828.639269,0.17394515413658956,GRB150403A,2.06,310492800.0,83.0,0.00011,1.3e-05
310492809.5670524,0.21770307903714736,GRB150403A,2.06,310492800.0,83.0,0.00011,1.3e-05
310492821.1835722,0.13199436406134177,GRB150403A,2.06,310492800.0,83.0,0.00011,1.3e-05
310492810.7973484,0.40796714360053504,GRB150403A,2.06,310492800.0,83.0,0.00011,1.3e-05
310492810.2034756,0.20352518743299686,GRB150403A,2.06,310492800.0,83.0,0.00011,1.3e-05
310492805.7684856,0.15510623864628498,GRB150403A,2.06,310492800.0,83.0,0.00011,1.3e-05
310492804.6532228,2.5926258142762855,GRB150403A,2.06,310492800.0,83.0,0.00011,1.3e-05
310492800.586989,0.17750163836972266,GRB150403A,2.06,310492800.0,83.0,0.00011,1.3e-05
310492821.617022,0.5185743296083046,GRB150403A,2.06,310492800.0,83.0,0.00011,1.3e-05
310492801.4515306,0.148606271365592,GRB150403A,2.06,310492800.0,83.0,0.00011,1.3e-05
310492806.6458207,0.3175652571660112,GRB150403A,2.06,310492800.0,83.0,0.00011,1.3e-05
310492832.2487834,0.20429991967315814,GRB150403A,2.06,310492800.0,83.0,0.00011,1.3e-05
310492816.79669803,0.10633601215407912,GRB150403A,2.06,310492800.0,83.0,0.00011,1.3e-05
310492814.8276395,0.11542665268480157,GRB150403A,2.06,310492800.0,83.0,0.00011,1.3e-05
310492800.36391675,0.200872239792802,GRB150403A,2.06,310492800.0,83.0,0.00011,1.3e-05
310492804.6891619,0.10250206738214072,GRB150403A,2.06,310492800.0,83.0,0.00011,1.3e-05
310492812.5681153,0.7670119514286187,GRB150403A,2.06,310492800.0,83.0,0.00011,1.3e-05
310492829.29320884,0.12174715653209987,GRB150403A,2.06,310492800.0,83.0,0.00011,1.3e-05
310492813.90497863,0.1425558768488074,GRB150403A,2.06,310492800.0,83.0,0.00011,1.3e-05
310492805.3393316,0.14323032324880655,GRB150403A,2.06,310492800.0,83.0,0.00011,1.3e-05
310492815.47126555,0.10830737265582042,GRB150403A,2.06,310492800.0,83.0,0.00011,1.3e-05
310492817.4667125,0.11926686332265873,GRB150403A,2.06,310492800.0,83.0,0.00011,1.3e-05
310492813.9865956,0.20625075544402588,GRB150403A,2.06,310492800.0,83.0,0.00011,1.3e-05
310492805.4013116,0.27385545569168007,GRB150403A,2.06,310492800.0,83.0,0.00011,1.3e-05
310492805.9636994,0.2036251479738537,GRB150403A,2.06,310492800.0,83.0,0.00011,1.3e-05
310492810.9396644,0.20661326721179207,GRB150403A,2.06,310492800.0,83.0,0.00011,1.3e-05
310492808.5468223,0.18743183060624324,GRB150403A,2.06,310492800.0,83.0,0.00011,1.3e-05
310492802.01614565,0.15779719078870158,GRB150403A,2.06,310492800.0,83.0,0.00011,1.3e-05
310492802.8357649,0.20465011198891256,GRB150403A,2.06,310492800.0,83.0,0.00011,1.3e-05
310492816.96210593,0.14770744294349314,GRB150403A,2.06,310492800.0,83.0,0.00011,1.3e-05
310492809.8427298,0.8268970276605355,GRB150403A,2.06,310492800.0,83.0,0.00011,1.3e-05
310492802.5816839,0.10551360397380652,GRB150403A,2.06,310492800.0,83.0,0.00011,1.3e-05
310492803.5355054,0.10273657861456945,GRB150403A,2.06,310492800.0,83.0,0.00011,1.3e-05
310492800.85262454,0.14830444515069638,GRB150403A,2.06,310492800.0,83.0,0.00011,1.3e-05
310492812.9972036,0.14457731097077794,GRB150403A,2.06,310492800.0,83.0,0.00011,1.3e-05
310492801.33160305,0.14403904371121554,GRB150403A,2.06,310492800.0,83.0,0.00011,1.3e-05
310492812.9229253,0.4548266493846276,GRB150403A,2.06,310492800.0,83.0,0.00011,1.3e-05
310492805.55457425,0.16032015952095646,GRB150403A,2.06,310492800.0,83.0,0.00011,1.3e-05
310492823.52530724,0.1708825004141783,GRB150403A,2.06,310492800.0,83.0,0.00011,1.3e-05
310492807.7384561,0.5430735747436914,GRB150403A,2.06,310492800.0,83.0,0.00011,1.3e-05
310492804.9897078,0.10090582355152072,GRB150403A,2.06,310492800.0,83.0,0.00011,1.3e-05
310492805.0450298,12.391339476880583,GRB150403A,2.06,310492800.0,83.0,0.00011,1.3e-05
310492806.63876504,0.1509937966230981,GRB150403A,2.06,310492800.0,83.0,0.00011,1.3e-05
310492804.1122133,1.2681306570332433,GRB150403A,2.06,310492800.0,83.0,0.00011,1.3e-05
310492809.860403,0.11354716617067391,GRB150403A,2.06,310492800.0,83.0,0.00011,1.3e-05
310492801.33625585,0.13097864950328758,GRB150403A,2.06,310492800.0,83.0,0.00011,1.3e-05
310492803.0381614,0.13016018728356413,GRB150403A,2.06,310492800.0,83.0,0.00011,1.3e-05
310492813.6665907,2.149672029570407,GRB150403A,2.06,310492800.0,83.0,0.00011,1.3e-05
310492800.7024978,0.2526140846292521,GRB150403A,2.06,310492800.0,83.0,0.00011,1.3e-05
310492839.1125095,0.22751162792956597,GRB150403A,2.06,310492800.0,83.0,0.00011,1.3e-05
310492813.60250896,0.14147441299410785,GRB150403A,2.06,310492800.0,83.0,0.00011,1.3e-05
310492811.5274314,0.6476086353869462,GRB150403A,2.06,310492800.0,83.0,0.00011,1.3e-05
310492801.41319907,0.2139097026087149,GRB150403A,2.06,310492800.0,83.0,0.00011,1.3e-05
310492805.8050655,0.18432680792341827,GRB150403A,2.06,310492800.0,83.0,0.00011,1.3e-05
310492820.9467453,0.3172306822984732,GRB150403A,2.06,310492800.0,83.0,0.00011,1.3e-05
310492802.08398104,0.11298848230389157,GRB150403A,2.06,310492800.0,83.0,0.00011,1.3e-05
310492800.34270513,0.12781269452526836,GRB150403A,2.06,310492800.0,83.0,0.00011,1.3e-05
310492801.016185,1.2442464149271004,GRB150403A,2.06,310492800.0,83.0,0.00011,1.3e-05
310492811.41025454,0.12181917585730336,GRB150403A,2.06,310492800.0,83.0,0.00011,1.3e-05
310492810.20891935,0.5207874619267455,GRB150403A,2.06,310492800.0,83.0,0.00011,1.3e-05
310492823.9191785,0.19719651978090802,GRB150403A,2.06,310492800.0,83.0,0.00011,1.3e-05
310492815.3749103,0.948613891864817,GRB150403A,2.06,310492800.0,83.0,0.00011,1.3e-05
310492805.76036966,4.8902173678041905,GRB150403A,2.06,310492800.0,83.0,0.00011,1.3e-05
310492800.1682842,0.11592666973739202,GRB150403A,2.06,310492800.0,83.0,0.00011,1.3e-05
310492801.18842167,0.12763420590884306,GRB150403A,2.06,310492800.0,83.0,0.00011,1.3e-05
310492806.19741416,0.11847639985113129,GRB150403A,2.06,310492800.0,83.0,0.00011,1.3e-05
310492804.39089173,0.12470342922796936,GRB150403A,2.06,310492800.0,83.0,0.00011,1.3e-05
310492805.4013682,0.12638659829294455,GRB150403A,2.06,310492800.0,83.0,0.00011,1.3e-05
310492810.48288256,0.40551246570545846,GRB150403A,2.06,310492800.0,83.0,0.00011,1.3e-05
310492806.10869074,1.1998342340719947,GRB150403A,2.06,310492800.0,83.0,0.00011,1.3e-05
310492817.73606735,0.1490211890148699,GRB150403A,2.06,310492800.0,83.0,0.00011,1.3e-05
310492810.12208605,0.3974237619999115,GRB150403A,2.06,310492800.0,83.0,0.00011,1.3e-05
310492801.81584305,0.2860081464056137,GRB150403A,2.06,310492800.0,83.0,0.00011,1.3e-05
310492806.75587565,0.5918353714623591,GRB150403A,2.06,310492800.0,83.0,0.00011,1.3e-05
310492802.2412077,0.5829655081596771,GRB150403A,2.06,310492800.0,83.0,0.00011,1.3e-05
310492807.482602,0.11382414253172098,GRB150403A,2.06,310492800.0,83.0,0.00011,1.3e-05
310492811.3009843,0.32611342960533113,GRB150403A,2.06,310492800.0,83.0,0.00011,1.3e-05
310492813.80231583,0.11374023293077405,GRB150403A,2.06,310492800.0,83.0,0.00011,1.3e-05
310492807.83746135,0.1896346036892259,GRB150403A,2.06,310492800.0,83.0,0.00011,1.3e-05
310492814.63236046,0.10841045072723826,GRB150403A,2.06,310492800.0,83.0,0.00011,1.3e-05
310492800.11603147,0.43699954154930465,GRB150403A,2.06,310492800.0,83.0,0.00011,1.3e-05
310492810.1442413,0.41510577885762595,GRB150403A,2.06,310492800.0,83.0,0.00011,1.3e-05
310492811.77891606,0.3235935843666656,GRB150403A,2.06,310492800.0,83.0,0.00011,1.3e-05
310492803.6047326,0.553462108615923,GRB150403A,2.06,310492800.0,83.0,0.00011,1.3e-05
310492805.7842892,0.15940512573315746,GRB150403A,2.06,310492800.0,83.0,0.00011,1.3e-05
310492804.21307135,0.273501889835701,GRB150403A,2.06,310492800.0,83.0,0.00011,1.3e-05
310492823.59087986,0.8002447501958113,GRB150403A,2.06,310492800.0,83.0,0.00011,1.3e-05
310492821.15446985,0.2319055239892275,GRB150403A,2.06,310492800.0,83.0,0.00011,1.3e-05
310492806.8878679,0.16728312420358682,GRB150403A,2.06,310492800.0,83.0,0.00011,1.3e-05
310492803.4637768,0.2048134321868263,GRB150403A,2.06,310492800.0,83.0,0.00011,1.3e-05
310492810.0430427,0.254785041654742,GRB150403A,2.06,310492800.0,83.0,0.00011,1.3e-05
310492824.1360561,0.132709929157776,GRB150403A,2.06,310492800.0,83.0,0.00011,1.3e-05
310492807.04818445,0.11305551577310864,GRB150403A,2.06,310492800.0,83.0,0.00011,1.3e-05
310492800.9625998,0.10929679987453343,GRB150403A,2.06,310492800.0,83.0,0.00011,1.3e-05
310492803.74202144,0.12032137506880602,GRB150403A,2.06,310492800.0,83.0,0.00011,1.3e-05
310492801.033821,0.11392390723372842,GRB150403A,2.06,310492800.0,83.0,0.00011,1.3e-05
310492834.3725858,0.15440673448441303,GRB150403A,2.06,310492800.0,83.0,0.00011,1.3e-05
310492802.79396844,0.32002842236119927,GRB150403A,2.06,310492800.0,83.0,0.00011,1.3e-05
310492803.2740702,0.2732127715801431,GRB150403A,2.06,310492800.0,83.0,0.00011,1.3e-05
310492800.5021284,0.12215423250018911,GRB150403A,2.06,310492800.0,83.0,0.00011,1.3e-05
310492803.5076765,2.1268668916422278,GRB150403A,2.06,310492800.0,83.0,0.00011,1.3e-05
310492803.07305914,0.10720573679075443,GRB150403A,2.06,310492800.0,83.0,0.00011,1.3e-05
310492804.9676401,0.12888556574104093,GRB150403A,2.06,310492800.0,83.0,0.00011,1.3e-05
310492801.77705264,2.0850682324972136,GRB150403A,2.06,310492800.0,83.0,0.00011,1.3e-05
310492812.8670023,0.21215087763519325,GRB150403A,2.06,310492800.0,83.0,0.00011,1.3e-05
310492813.83144414,0.11734184258549195,GRB150403A,2.06,310492800.0,83.0,0.00011,1.3e-05
310492811.1137504,0.10641120239522484,GRB150403A,2.06,310492800.0,83.0,0.00011,1.3e-05
310492811.97863287,0.1017564477024998,GRB150403A,2.06,310492800.0,83.0,0.00011,1.3e-05
310492810.3646432,2.7726910291145295,GRB150403A,2.06,310492800.0,83.0,0.00011,1.3e-05
310492805.9196184,0.11474762531449462,GRB150403A,2.06,310492800.0,83.0,0.00011,1.3e-05
310492824.691544,0.11120635587968696,GRB150403A,2.06,310492800.0,83.0,0.00011,1.3e-05
310492800.6667584,1.9338549344739342,GRB150403A,2.06,310492800.0,83.0,0.00011,1.3e-05
310492802.4058286,0.323772903760169,GRB150403A,2.06,310492800.0,83.0,0.00011,1.3e-05
310492804.09838796,0.11747019125402605,GRB150403A,2.06,310492800.0,83.0,0.00011,1.3e-05
310492825.59647256,0.7276780105304744,GRB150403A,2.06,310492800.0,83.0,0.00011,1.3e-05
310492805.99246377,0.21832506429905496,GRB150403A,2.06,310492800.0,83.0,0.00011,1.3e-05
310492806.4394791,0.28623974023847737,GRB150403A,2.06,310492800.0,83.0,0.00011,1.3e-05
310492815.9724393,0.10749420963566572,GRB150403A,2.06,310492800.0,83.0,0.00011,1.3e-05
310492813.9789484,0.27240257951120045,GRB150403A,2.06,310492800.0,83.0,0.00011,1.3e-05
310492806.3376827,0.14471977370396125,GRB150403A,2.06,310492800.0,83.0,0.00011,1.3e-05
310492801.25268835,0.10328789094236529,GRB150403A,2.06,310492800.0,83.0,0.00011,1.3e-05
310492803.0181614,0.10452509990911743,GRB150403A,2.06,310492800.0,83.0,0.00011,1.3e-05
310492801.6672274,0.18190229100205524,GRB150403A,2.06,310492800.0,83.0,0.00011,1.3e-05
310492801.7836572,0.16877925888577563,GRB150403A,2.06,310492800.0,83.0,0.00011,1.3e-05
310492819.94664794,0.11050788669848169,GRB150403A,2.06,310492800.0,83.0,0.00011,1.3e-05
310492800.11926955,0.25681139266300307,GRB150403A,2.06,310492800.0,83.0,0.00011,1.3e-05
310492801.02205026,0.10251346488370155,GRB150403A,2.06,310492800.0,83.0,0.00011,1.3e-05
310492815.1094758,0.1706451171552226,GRB150403A,2.06,310492800.0,83.0,0.00011,1.3e-05
310492808.3006848,0.16607735861953185,GRB150403A,2.06,310492800.0,83.0,0.00011,1.3e-05
310492801.12028587,0.13905845488229693,GRB150403A,2.06,310492800.0,83.0,0.00011,1.3e-05
310492800.6430118,0.9315965642539847,GRB150403A,2.06,310492800.0,83.0,0.00011,1.3e-05
310492804.8763571,0.7402741067768328,GRB150403A,2.06,310492800.0,83.0,0.00011,1.3e-05
310492809.1454353,0.7676986320841117,GRB150403A,2.06,310492800.0,83.0,0.00011,1.3e-05
310492806.800554,0.29467027902365983,GRB150403A,2.06,310492800.0,83.0,0.00011,1.3e-05
310492809.70924747,0.24016118150531002,GRB150403A,2.06,310492800.0,83.0,0.00011,1.3e-05
310492816.20519036,0.27033498074040807,GRB150403A,2.06,310492800.0,83.0,0.00011,1.3e-05
310492803.5199028,0.15628055167966848,GRB150403A,2.06,310492800.0,83.0,0.00011,1.3e-05
310492807.505798,0.11394890245140105,GRB150403A,2.06,310492800.0,83.0,0.00011,1.3e-05
310492806.1470312,0.14505668468991806,GRB150403A,2.06,310492800.0,83.0,0.00011,1.3e-05
310492830.41817975,0.7372867963965251,GRB150403A,2.06,310492800.0,83.0,0.00011,1.3e-05
310492821.75210446,0.27831205538616505,GRB150403A,2.06,310492800.0,83.0,0.00011,1.3e-05
310492801.7383849,0.1608176392956335,GRB150403A,2.06,310492800.0,83.0,0.00011,1.3e-05
310492814.4909891,0.5018323512237802,GRB150403A,2.06,310492800.0,83.0,0.00011,1.3e-05
310492812.00879216,0.5898643686847451,GRB150403A,2.06,310492800.0,83.0,0.00011,1.3e-05
310492852.9168742,0.14717071880133584,GRB150403A,2.06,310492800.0,83.0,0.00011,1.3e-05
310492805.7230468,0.10592172777264752,GRB150403A,2.06,310492800.0,83.0,0.00011,1.3e-05
310492804.42781204,0.5520252410329196,GRB150403A,2.06,310492800.0,83.0,0.00011,1.3e-05
310492802.02636266,0.35123243615372646,GRB150403A,2.06,310492800.0,83.0,0.00011,1.3e-05
310492818.92728245,0.13931251867453906,GRB150403A,2.06,310492800.0,83.0,0.00011,1.3e-05
310492828.4803869,0.1490258947081128,GRB150403A,2.06,310492800.0,83.0,0.00011,1.3e-05
310492802.50462043,0.33182255402918814,GRB150403A,2.06,310492800.0,83.0,0.00011,1.3e-05
310492804.82241744,1.0997598186690418,GRB150403A,2.06,310492800.0,83.0,0.00011,1.3e-05
310492814.53095,0.45875444157576917,GRB150403A,2.06,310492800.0,83.0,0.00011,1.3e-05
310492803.3440739,0.1515564715119311,GRB150403A,2.06,310492800.0,83.0,0.00011,1.3e-05
310492808.58046275,0.12885843883089051,GRB150403A,2.06,310492800.0,83.0,0.00011,1.3e-05
310492803.4611015,2.007542121526273,GRB150403A,2.06,310492800.0,83.0,0.00011,1.3e-05
310492800.69988626,0.2078721382755604,GRB150403A,2.06,310492800.0,83.0,0.00011,1.3e-05
310492840.0649336,1.256185618692471,GRB150403A,2.06,310492800.0,83.0,0.00011,1.3e-05
310492801.1286417,0.9306357312821938,GRB150403A,2.06,310492800.0,83.0,0.00011,1.3e-05
310492801.7155917,0.15085960055365252,GRB150403A,2.06,310492800.0,83.0,0.00011,1.3e-05
310492806.113447,0.5147915565201656,GRB150403A,2.06,310492800.0,83.0,0.00011,1.3e-05
310492807.61990464,0.2819507809955542,GRB150403A,2.06,310492800.0,83.0,0.00011,1.3e-05
310492802.93691903,0.20658000101320786,GRB150403A,2.06,310492800.0,83.0,0.00011,1.3e-05
310492803.63106024,0.2800317366433903,GRB150403A,2.06,310492800.0,83.0,0.00011,1.3e-05
310492804.30061984,0.3000967645181347,GRB150403A,2.06,310492800.0,83.0,0.00011,1.3e-05
310492815.06136453,0.12108307964221827,GRB150403A,2.06,310492800.0,83.0,0.00011,1.3e-05
310492803.79782176,0.2180556154450211,GRB150403A,2.06,310492800.0,83.0,0.00011,1.3e-05
310492813.5245657,0.13449637976792211,GRB150403A,2.06,310492800.0,83.0,0.00011,1.3e-05
310492812.48172474,0.24201974417991803,GRB150403A,2.06,310492800.0,83.0,0.00011,1.3e-05
310492803.470796,0.18256750099908997,GRB150403A,2.06,310492800.0,83.0,0.00011,1.3e-05
310492814.2281552,0.195795847724149,GRB150403A,2.06,310492800.0,83.0,0.00011,1.3e-05
310492800.4338909,0.22519993215016543,GRB150403A,2.06,310492800.0,83.0,0.00011,1.3e-05
310492803.9745395,0.3963324990719447,GRB150403A,2.06,310492800.0,83.0,0.00011,1.3e-05
310492802.26067215,0.1430491100386732,GRB150403A,2.06,310492800.0,83.0,0.00011,1.3e-05
310492807.76262045,0.23566169445716648,GRB150403A,2.06,310492800.0,83.0,0.00011,1.3e-05
310492803.148153,0.19572201582365178,GRB150403A,2.06,310492800.0,83.0,0.00011,1.3e-05
310492803.8476324,0.7829606875695476,GRB150403A,2.06,310492800.0,83.0,0.00011,1.3e-05
310492824.0812772,0.6627601428729432,GRB150403A,2.06,310492800.0,83.0,0.00011,1.3e-05
310492815.6872536,0.43877275506698044,GRB150403A,2.06,310492800.0,83.0,0.00011,1.3e-05
310492803.6048946,0.17735903230103822,GRB150403A,2.06,310492800.0,83.0,0.00011,1.3e-05
310492810.4345191,0.1387352465867341,GRB150403A,2.06,310492800.0,83.0,0.00011,1.3e-05
310492808.6537113,0.20500846203947223,GRB150403A,2.06,310492800.0,83.0,0.00011,1.3e-05
310492806.2498206,4.31910375225199,GRB150403A,2.06,310492800.0,83.0,0.00011,1.3e-05
310492804.72475713,0.5027821757581733,GRB150403A,2.06,310492800.0,83.0,0.00011,1.3e-05
310492800.67307484,31.455963407245044,GRB150403A,2.06,310492800.0,83.0,0.00011,1.3e-05
310492803.70338166,0.19084127308632776,GRB150403A,2.06,310492800.0,83.0,0.00011,1.3e-05
310492803.6230233,0.2724281382775795,GRB150403A,2.06,310492800.0,83.0,0.00011,1.3e-05
310492807.794225,2.5605428492135314,GRB150403A,2.06,310492800.0,83.0,0.00011,1.3e-05
310492806.2263313,0.12857429111080687,GRB150403A,2.06,310492800.0,83.0,0.00011,1.3e-05
310492811.88465923,0.3307710580597503,GRB150403A,2.06,310492800.0,83.0,0.00011,1.3e-05
310492805.8105003,0.13904266532485599,GRB150403A,2.06,310492800.0,83.0,0.00011,1.3e-05
310492807.6055947,0.11518425036409748,GRB150403A,2.06,310492800.0,83.0,0.00011,1.3e-05
310492813.78113246,3.028686156315624,GRB150403A,2.06,310492800.0,83.0,0.00011,1.3e-05
310492800.4090835,0.11967089655225996,GRB150403A,2.06,310492800.0,83.0,0.00011,1.3e-05
310492812.4699411,0.16154710513912607,GRB150403A,2.06,310492800.0,83.0,0.00011,1.3e-05
310492809.6355471,0.18791409775678508,GRB150403A,2.06,310492800.0,83.0,0.00011,1.3e-05
310492803.0033234,0.2014582223483671,GRB150403A,2.06,310492800.0,83.0,0.00011,1.3e-05
310492804.635536,0.1093256395939572,GRB150403A,2.06,310492800.0,83.0,0.00011,1.3e-05
310492801.42485106,6.343111320185875,GRB150403A,2.06,310492800.0,83.0,0.00011,1.3e-05
310492810.1131552,0.6050467457885045,GRB150403A,2.06,310492800.0,83.0,0.00011,1.3e-05
310492804.78175145,0.11906520044151457,GRB150403A,2.06,310492800.0,83.0,0.00011,1.3e-05
310492800.8316279,0.1580394441482158,GRB150403A,2.06,310492800.0,83.0,0.00011,1.3e-05
310492804.1226982,0.11640603612726484,GRB150403A,2.06,310492800.0,83.0,0.00011,1.3e-05
310492803.46834904,0.1725504220681817,GRB150403A,2.06,310492800.0,83.0,0.00011,1.3e-05
310492800.9942979,0.10570361376968206,GRB150403A,2.06,310492800.0,83.0,0.00011,1.3e-05
310492802.3535203,1.0873489130161051,GRB150403A,2.06,310492800.0,83.0,0.00011,1.3e-05
310492808.4750519,0.21494905669797015,GRB150403A,2.06,310492800.0,83.0,0.00011,1.3e-05
310492801.48050344,0.10437154112370182,GRB150403A,2.06,310492800.0,83.0,0.00011,1.3e-05
310492800.2948339,0.3355950476309031,GRB150403A,2.06,310492800.0,83.0,0.00011,1.3e-05
310492812.66420704,0.10352696197465357,GRB150403A,2.06,310492800.0,83.0,0.00011,1.3e-05
310492804.7768011,0.37628860449637613,GRB150403A,2.06,310492800.0,83.0,0.00011,1.3e-05
310492805.0277982,0.25615765743819513,GRB150403A,2.06,310492800.0,83.0,0.00011,1.3e-05
310492818.2076695,0.3892866628059115,GRB150403A,2.06,310492800.0,83.0,0.00011,1.3e-05
310492803.286305,0.172641770902764,GRB150403A,2.06,310492800.0,83.0,0.00011,1.3e-05
310492803.58960307,0.1082995520978676,GRB150403A,2.06,310492800.0,83.0,0.00011,1.3e-05
310492802.8872118,33.91093835456737,GRB150403A,2.06,310492800.0,83.0,0.00011,1.3e-05
310492815.5379858,0.12042969084976761,GRB150403A,2.06,310492800.0,83.0,0.00011,1.3e-05
310492811.2654528,0.2238482945397252,GRB150403A,2.06,310492800.0,83.0,0.00011,1.3e-05
310492801.1597606,0.14925712327252724,GRB150403A,2.06,310492800.0,83.0,0.00011,1.3e-05
310492809.121634,1.024863971989373,GRB150403A,2.06,310492800.0,83.0,0.00011,1.3e-05
310492800.75058717,0.171804016857292,GRB150403A,2.06,310492800.0,83.0,0.00011,1.3e-05
310492817.1439171,0.6855584827206811,GRB150403A,2.06,310492800.0,83.0,0.00011,1.3e-05
310492802.3058692,0.20897610112860332,GRB150403A,2.06,310492800.0,83.0,0.00011,1.3e-05
310492801.07877684,0.22272159931447233,GRB150403A,2.06,310492800.0,83.0,0.00011,1.3e-05
310492805.3066056,1.8939903898274577,GRB150403A,2.06,310492800.0,83.0,0.00011,1.3e-05
310492800.16117936,0.3881847602878581,GRB150403A,2.06,310492800.0,83.0,0.00011,1.3e-05
310492800.59473336,0.1726341005568307,GRB150403A,2.06,310492800.0,83.0,0.00011,1.3e-05
310492809.38090056,0.3053052078035662,GRB150403A,2.06,310492800.0,83.0,0.00011,1.3e-05
310492803.2592698,0.10090320396578008,GRB150403A,2.06,310492800.0,83.0,0.00011,1.3e-05
310492801.8807221,0.14866604566058392,GRB150403A,2.06,310492800.0,83.0,0.00011,1.3e-05
310492802.7264688,0.15624796119507267,GRB150403A,2.06,310492800.0,83.0,0.00011,1.3e-05
310492804.22768486,0.3370925377471816,GRB150403A,2.06,310492800.0,83.0,0.00011,1.3e-05
310492807.11398375,0.37684038168473294,GRB150403A,2.06,310492800.0,83.0,0.00011,1.3e-05
310492806.18720365,0.5747690339052323,GRB150403A,2.06,310492800.0,83.0,0.00011,1.3e-05
310492801.2474299,0.10217364444415654,GRB150403A,2.06,310492800.0,83.0,0.00011,1.3e-05
310492802.67613816,0.1368313748502392,GRB150403A,2.06,310492800.0,83.0,0.00011,1.3e-05
310492800.4855067,0.14946065717210963,GRB150403A,2.06,310492800.0,83.0,0.00011,1.3e-05
310492815.1508193,0.13431483723299734,GRB150403A,2.06,310492800.0,83.0,0.00011,1.3e-05
310492812.1574417,0.25724360891553005,GRB150403A,2.06,310492800.0,83.0,0.00011,1.3e-05
310492808.99266607,0.17551061733931014,GRB150403A,2.06,310492800.0,83.0,0.00011,1.3e-05
310492818.58386123,2.96871866778482,GRB150403A,2.06,310492800.0,83.0,0.00011,1.3e-05
310492807.0221622,0.14357122749619267,GRB150403A,2.06,310492800.0,83.0,0.00011,1.3e-05
310492823.1674161,0.2724373960296983,GRB150403A,2.06,310492800.0,83.0,0.00011,1.3e-05
310492833.90961707,0.36800852727069366,GRB150403A,2.06,310492800.0,83.0,0.00011,1.3e-05
310492801.27844834,0.16811994090652704,GRB150403A,2.06,310492800.0,83.0,0.00011,1.3e-05
310492807.10200673,8.763744004866787,GRB150403A,2.06,310492800.0,83.0,0.00011,1.3e-05
310492800.2147792,0.1276843499612214,GRB150403A,2.06,310492800.0,83.0,0.00011,1.3e-05
310492808.03191674,0.8087579553705431,GRB150403A,2.06,310492800.0,83.0,0.00011,1.3e-05
310492804.2930588,0.13575827302034638,GRB150403A,2.06,310492800.0,83.0,0.00011,1.3e-05
310492805.1135475,0.7252703814503245,GRB150403A,2.06,310492800.0,83.0,0.00011,1.3e-05
310492800.8866113,0.5368014523147812,GRB150403A,2.06,310492800.0,83.0,0.00011,1.3e-05
310492811.12301624,0.22083001220839904,GRB150403A,2.06,310492800.0,83.0,0.00011,1.3e-05
310492817.04166794,0.16896639668030008,GRB150403A,2.06,310492800.0,83.0,0.00011,1.3e-05
310492803.2796661,0.10500690773345478,GRB150403A,2.06,310492800.0,83.0,0.00011,1.3e-05
310492806.34629446,1.6767266735704667,GRB150403A,2.06,310492800.0,83.0,0.00011,1.3e-05
310492813.7515255,0.12415418030392789,GRB150403A,2.06,310492800.0,83.0,0.00011,1.3e-05
310492813.306735,0.10290840181200278,GRB150403A,2.06,310492800.0,83.0,0.00011,1.3e-05
310492802.2706433,1.2952499478599515,GRB150403A,2.06,310492800.0,83.0,0.00011,1.3e-05
310492817.08203495,0.11567342095330145,GRB150403A,2.06,310492800.0,83.0,0.00011,1.3e-05
310492817.8632646,0.16924395053287253,GRB150403A,2.06,310492800.0,83.0,0.00011,1.3e-05
310492813.56525815,1.4154789686075446,GRB150403A,2.06,310492800.0,83.0,0.00011,1.3e-05
310492805.62319374,0.12211274090061697,GRB150403A,2.06,310492800.0,83.0,0.00011,1.3e-05
310492806.5659833,0.13007945151248912,GRB150403A,2.06,310492800.0,83.0,0.00011,1.3e-05
310492810.4437152,1.8264386890045885,GRB150403A,2.06,310492800.0,83.0,0.00011,1.3e-05
310492800.9038562,0.47428808672246386,GRB150403A,2.06,310492800.0,83.0,0.00011,1.3e-05
310492810.8377856,0.15324134041849258,GRB150403A,2.06,310492800.0,83.0,0.00011,1.3e-05
310492804.27824616,0.36015361270446694,GRB150403A,2.06,310492800.0,83.0,0.00011,1.3e-05
310492814.5331446,2.1707850309460524,GRB150403A,2.06,310492800.0,83.0,0.00011,1.3e-05
310492806.7360967,1.0618604572810175,GRB150403A,2.06,310492800.0,83.0,0.00011,1.3e-05
310492808.0042439,0.1671251114495576,GRB150403A,2.06,310492800.0,83.0,0.00011,1.3e-05
310492802.5261107,0.6864681586013925,GRB150403A,2.06,310492800.0,83.0,0.00011,1.3e-05
310492801.91571015,0.17426296967539034,GRB150403A,2.06,310492800.0,83.0,0.00011,1.3e-05
310492804.0863297,0.34645704503743513,GRB150403A,2.06,310492800.0,83.0,0.00011,1.3e-05
310492810.1271501,0.2213024651953251,GRB150403A,2.06,310492800.0,83.0,0.00011,1.3e-05
310492804.6456708,0.15592465843809242,GRB150403A,2.06,310492800.0,83.0,0.00011,1.3e-05
310492801.8596985,0.12593494027785387,GRB150403A,2.06,310492800.0,83.0,0.00011,1.3e-05
310492809.5138788,0.1371382899400469,GRB150403A,2.06,310492800.0,83.0,0.00011,1.3e-05
310492801.1970506,0.13296580827414914,GRB150403A,2.06,310492800.0,83.0,0.00011,1.3e-05
310492807.95484155,5.86733724230309,GRB150403A,2.06,310492800.0,83.0,0.00011,1.3e-05
310492800.9907616,0.470942243639101,GRB150403A,2.06,310492800.0,83.0,0.00011,1.3e-05
310492805.4749292,2.8530426810647653,GRB150403A,2.06,310492800.0,83.0,0.00011,1.3e-05
310492810.9243677,0.18977294922614277,GRB150403A,2.06,310492800.0,83.0,0.00011,1.3e-05
310492803.3551304,0.1135590454185165,GRB150403A,2.06,310492800.0,83.0,0.00011,1.3e-05
310492805.73430204,0.12361880060502187,GRB150403A,2.06,310492800.0,83.0,0.00011,1.3e-05
310492801.4066735,32.02373560099124,GRB150403A,2.06,310492800.0,83.0,0.00011,1.3e-05
310492802.295301,0.10727045798836693,GRB150403A,2.06,310492800.0,83.0,0.00011,1.3e-05
310492803.7503084,0.11139100182283522,GRB150403A,2.06,310492800.0,83.0,0.00011,1.3e-05
310492806.1732535,0.1122213471842986,GRB150403A,2.06,310492800.0,83.0,0.00011,1.3e-05
310492819.91245294,0.15251040755676765,GRB150403A,2.06,310492800.0,83.0,0.00011,1.3e-05
310492813.9436763,0.1231958637505044,GRB150403A,2.06,310492800.0,83.0,0.00011,1.3e-05
310492816.2061107,0.12700490786637825,GRB150403A,2.06,310492800.0,83.0,0.00011,1.3e-05
310492808.5021832,0.44574735833894846,GRB150403A,2.06,310492800.0,83.0,0.00011,1.3e-05
310492808.4005093,4.2820739906972305,GRB150403A,2.06,310492800.0,83.0,0.00011,1.3e-05
310492817.463496,0.2346583183356494,GRB150403A,2.06,310492800.0,83.0,0.00011,1.3e-05
310492804.9153269,0.16255854914910428,GRB150403A,2.06,310492800.0,83.0,0.00011,1.3e-05
310492814.6211611,0.21738272112647575,GRB150403A,2.06,310492800.0,83.0,0.00011,1.3e-05
310492815.4833126,0.1013293241936502,GRB150403A,2.06,310492800.0,83.0,0.00011,1.3e-05
310492802.0837382,0.4996009530852445,GRB150403A,2.06,310492800.0,83.0,0.00011,1.3e-05
310492810.3635325,0.2875298470008097,GRB150403A,2.06,310492800.0,83.0,0.00011,1.3e-05
310492807.7366213,1.4057160580107686,GRB150403A,2.06,310492800.0,83.0,0.00011,1.3e-05
310492805.16096807,0.10374687685502826,GRB150403A,2.06,310492800.0,83.0,0.00011,1.3e-05
310492815.42025834,0.1352704238181396,GRB150403A,2.06,310492800.0,83.0,0.00011,1.3e-05
310492802.4078812,0.10729394383619502,GRB150403A,2.06,310492800.0,83.0,0.00011,1.3e-05
310492802.3337451,0.13248603605445192,GRB150403A,2.06,310492800.0,83.0,0.00011,1.3e-05
310492801.1510964,0.20356028298750017,GRB150403A,2.06,310492800.0,83.0,0.00011,1.3e-05
310492800.1301686,0.4156838002246912,GRB150403A,2.06,310492800.0,83.0,0.00011,1.3e-05
310492805.9748969,0.1364718526441136,GRB150403A,2.06,310492800.0,83.0,0.00011,1.3e-05
310492807.16330343,0.1675497935655795,GRB150403A,2.06,310492800.0,83.0,0.00011,1.3e-05
310492803.1839387,0.2585827311773318,GRB150403A,2.06,310492800.0,83.0,0.00011,1.3e-05
310492820.61925036,0.30727458367336286,GRB150403A,2.06,310492800.0,83.0,0.00011,1.3e-05
310492801.45358604,0.20591975827953385,GRB150403A,2.06,310492800.0,83.0,0.00011,1.3e-05
310492811.7991021,0.11520014950183655,GRB150403A,2.06,310492800.0,83.0,0.00011,1.3e-05
310492800.5033811,0.2849926491061278,GRB150403A,2.06,310492800.0,83.0,0.00011,1.3e-05
310492809.53496945,0.21633809353314926,GRB150403A,2.06,310492800.0,83.0,0.00011,1.3e-05
310492806.67717946,0.1294975743372688,GRB150403A,2.06,310492800.0,83.0,0.00011,1.3e-05
310492810.7052026,0.10434435570093764,GRB150403A,2.06,310492800.0,83.0,0.00011,1.3e-05
310492808.42059875,0.17883568593412427,GRB150403A,2.06,310492800.0,83.0,0.00011,1.3e-05
310492802.5987044,0.11982919936901736,GRB150403A,2.06,310492800.0,83.0,0.00011,1.3e-05
310492800.4502027,0.11878754650641235,GRB150403A,2.06,310492800.0,83.0,0.00011,1.3e-05
310492813.01308775,0.19826513142838895,GRB150403A,2.06,310492800.0,83.0,0.00011,1.3e-05
310492802.8937511,0.3824860382165034,GRB150403A,2.06,310492800.0,83.0,0.00011,1.3e-05
310492802.45182097,0.5140975781785488,GRB150403A,2.06,310492800.0,83.0,0.00011,1.3e-05
310492800.2488614,0.16557902525264376,GRB150403A,2.06,310492800.0,83.0,0.00011,1.3e-05
310492810.0130567,0.4294857214174148,GRB150403A,2.06,310492800.0,83.0,0.00011,1.3e-05
310492801.9583147,0.10476365756536779,GRB150403A,2.06,310492800.0,83.0,0.00011,1.3e-05
310492816.05038446,0.11966743060695657,GRB150403A,2.06,310492800.0,83.0,0.00011,1.3e-05
310492805.3891533,0.12261633488539055,GRB150403A,2.06,310492800.0,83.0,0.00011,1.3e-05
310492815.8792129,0.17255200350854263,GRB150403A,2.06,310492800.0,83.0,0.00011,1.3e-05
310492808.9391994,2.0833589133385786,GRB150403A,2.06,310492800.0,83.0,0.00011,1.3e-05
310492813.4990818,0.1218336852573066,GRB150403A,2.06,310492800.0,83.0,0.00011,1.3e-05
310492810.4154372,0.13531897139609686,GRB150403A,2.06,310492800.0,83.0,0.00011,1.3e-05
310492817.24738765,0.12274697932998441,GRB150403A,2.06,310492800.0,83.0,0.00011,1.3e-05
310492800.5700359,0.14397816555555754,GRB150403A,2.06,310492800.0,83.0,0.00011,1.3e-05
310492806.16342115,0.41988049163034624,GRB150403A,2.06,310492800.0,83.0,0.00011,1.3e-05
310492823.6833725,0.10649557629412715,GRB150403A,2.06,310492800.0,83.0,0.00011,1.3e-05
310492801.0028815,0.13381914884359983,GRB150403A,2.06,310492800.0,83.0,0.00011,1.3e-05
310492805.78320974,0.22233300467355654,GRB150403A,2.06,310492800.0,83.0,0.00011,1.3e-05
310492800.8115766,0.11354487060011775,GRB150403A,2.06,310492800.0,83.0,0.00011,1.3e-05
310492803.5610166,0.1875229284082887,GRB150403A,2.06,310492800.0,83.0,0.00011,1.3e-05
310492811.3118371,0.13323307800875006,GRB150403A,2.06,310492800.0,83.0,0.00011,1.3e-05
310492820.48521245,0.14135520147050218,GRB150403A,2.06,310492800.0,83.0,0.00011,1.3e-05
310492801.0250485,0.22263228093144136,GRB150403A,2.06,310492800.0,83.0,0.00011,1.3e-05
310492814.872134,0.23767783220109276,GRB150403A,2.06,310492800.0,83.0,0.00011,1.3e-05
310492807.225838,0.10265184583009768,GRB150403A,2.06,310492800.0,83.0,0.00011,1.3e-05
310492800.75021374,0.41747105062544637,GRB150403A,2.06,310492800.0,83.0,0.00011,1.3e-05
310492804.3152416,0.10029142538839758,GRB150403A,2.06,310492800.0,83.0,0.00011,1.3e-05
310492816.02333534,0.5302710672302963,GRB150403A,2.06,310492800.0,83.0,0.00011,1.3e-05
310492802.6184181,0.342374578267044,GRB150403A,2.06,310492800.0,83.0,0.00011,1.3e-05
310492811.8280179,0.17134794738803608,GRB150403A,2.06,310492800.0,83.0,0.00011,1.3e-05
310492801.5186298,0.24802746422857785,GRB150403A,2.06,310492800.0,83.0,0.00011,1.3e-05
310492808.86931986,0.18011946675861698,GRB150403A,2.06,310492800.0,83.0,0.00011,1.3e-05
310492805.3124882,0.11422261832198968,GRB150403A,2.06,310492800.0,83.0,0.00011,1.3e-05
310492806.4404843,0.3916757187826988,GRB150403A,2.06,310492800.0,83.0,0.00011,1.3e-05
310492820.5995565,2.2142796206451236,GRB150403A,2.06,310492800.0,83.0,0.00011,1.3e-05
310492805.5249485,0.7720956738194577,GRB150403A,2.06,310492800.0,83.0,0.00011,1.3e-05
310492804.12084097,0.2384851126830347,GRB150403A,2.06,310492800.0,83.0,0.00011,1.3e-05
310492810.4825846,0.14525095675707056,GRB150403A,2.06,310492800.0,83.0,0.00011,1.3e-05
310492808.7647508,0.24714515302372841,GRB150403A,2.06,310492800.0,83.0,0.00011,1.3e-05
310492805.6705764,0.13925951043150775,GRB150403A,2.06,310492800.0,83.0,0.00011,1.3e-05
310492802.7904988,0.16628475051736458,GRB150403A,2.06,310492800.0,83.0,0.00011,1.3e-05
310492800.149711,0.4168790999974914,GRB150403A,2.06,310492800.0,83.0,0.00011,1.3e-05
310492803.21497965,0.10097754723460249,GRB150403A,2.06,310492800.0,83.0,0.00011,1.3e-05
310492803.677007,0.14678841682088326,GRB150403A,2.06,310492800.0,83.0,0.00011,1.3e-05
310492802.9417438,0.13613731683501018,GRB150403A,2.06,310492800.0,83.0,0.00011,1.3e-05
310492804.27767974,0.27343674785372213,GRB150403A,2.06,310492800.0,83.0,0.00011,1.3e-05
310492811.8397285,0.25624250010514193,GRB150403A,2.06,310492800.0,83.0,0.00011,1.3e-05
310492807.05873907,0.10089313437690116,GRB150403A,2.06,310492800.0,83.0,0.00011,1.3e-05
310492812.7009509,0.11870494417524549,GRB150403A,2.06,310492800.0,83.0,0.00011,1.3e-05
310492838.9147961,0.23354535947814548,GRB150403A,2.06,310492800.0,83.0,0.00011,1.3e-05
310492804.8293355,0.13375772962805174,GRB150403A,2.06,310492800.0,83.0,0.00011,1.3e-05
310492801.6339884,0.13141937630330022,GRB150403A,2.06,310492800.0,83.0,0.00011,1.3e-05
310492814.3703294,0.17784791375506676,GRB150403A,2.06,310492800.0,83.0,0.00011,1.3e-05
310492802.9694712,0.42570041655958213,GRB150403A,2.06,310492800.0,83.0,0.00011,1.3e-05
310492808.4241597,0.21116484337217392,GRB150403A,2.06,310492800.0,83.0,0.00011,1.3e-05
310492812.9553405,0.16814818704644494,GRB150403A,2.06,310492800.0,83.0,0.00011,1.3e-05
310492807.0083527,0.8865811906016647,GRB150403A,2.06,310492800.0,83.0,0.00011,1.3e-05
310492801.5412931,0.4792145859364861,GRB150403A,2.06,310492800.0,83.0,0.00011,1.3e-05
310492800.42056006,1.2261384104429673,GRB150403A,2.06,310492800.0,83.0,0.00011,1.3e-05
310492813.51583326,0.19423347314037942,GRB150403A,2.06,310492800.0,83.0,0.00011,1.3e-05
310492801.39562905,1.943753794258586,GRB150403A,2.06,310492800.0,83.0,0.00011,1.3e-05
310492817.0765396,0.20977779928186058,GRB150403A,2.06,310492800.0,83.0,0.00011,1.3e-05
310492805.86548126,0.1520659466322813,GRB150403A,2.06,310492800.0,83.0,0.00011,1.3e-05
310492826.7073016,0.36425519583554605,GRB150403A,2.06,310492800.0,83.0,0.00011,1.3e-05
310492803.3912556,2.0070485876008965,GRB150403A,2.06,310492800.0,83.0,0.00011,1.3e-05
310492801.3534464,0.13211107637145636,GRB150403A,2.06,310492800.0,83.0,0.00011,1.3e-05
310492806.5556519,0.6487481154089874,GRB150403A,2.06,310492800.0,83.0,0.00011,1.3e-05
310492800.9117255,0.19611734351237792,GRB150403A,2.06,310492800.0,83.0,0.00011,1.3e-05
310492802.5916139,0.3307962276522898,GRB150403A,2.06,310492800.0,83.0,0.00011,1.3e-05
310492803.2223167,0.3398159378034707,GRB150403A,2.06,310492800.0,83.0,0.00011,1.3e-05
310492802.72411895,83.84917006286982,GRB150403A,2.06,310492800.0,83.0,0.00011,1.3e-05
310492811.1359036,0.33774351469778247,GRB150403A,2.06,310492800.0,83.0,0.00011,1.3e-05
310492800.6786977,0.11658039694239448,GRB150403A,2.06,310492800.0,83.0,0.00011,1.3e-05
310492810.8618731,0.16672346991299866,GRB150403A,2.06,310492800.0,83.0,0.00011,1.3e-05
310492811.14274573,0.6093902078808263,GRB150403A,2.06,310492800.0,83.0,0.00011,1.3e-05
310492804.46180326,0.1650475458801598,GRB150403A,2.06,310492800.0,83.0,0.00011,1.3e-05
310492800.81119365,0.8716633960721542,GRB150403A,2.06,310492800.0,83.0,0.00011,1.3e-05
310492802.1257965,0.18316578871252404,GRB150403A,2.06,310492800.0,83.0,0.00011,1.3e-05
310492820.16849667,0.16939420091052348,GRB150403A,2.06,310492800.0,83.0,0.00011,1.3e-05
310492801.1678379,0.36388067410614655,GRB150403A,2.06,310492800.0,83.0,0.00011,1.3e-05
310492802.5834463,0.2263254929987742,GRB150403A,2.06,310492800.0,83.0,0.00011,1.3e-05
310492807.77228165,0.10479126414274348,GRB150403A,2.06,310492800.0,83.0,0.00011,1.3e-05
310492805.07576513,0.11057871504296422,GRB150403A,2.06,310492800.0,83.0,0.00011,1.3e-05
310492813.45686245,0.17418976387109913,GRB150403A,2.06,310492800.0,83.0,0.00011,1.3e-05
310492808.3204645,0.1500633238239455,GRB150403A,2.06,310492800.0,83.0,0.00011,1.3e-05
310492805.4709468,0.10906465113564899,GRB150403A,2.06,310492800.0,83.0,0.00011,1.3e-05
310492802.67671704,0.2984543894592794,GRB150403A,2.06,310492800.0,83.0,0.00011,1.3e-05
310492802.7387473,0.1856484051175633,GRB150403A,2.06,310492800.0,83.0,0.00011,1.3e-05
310492803.4812949,0.26973880231894576,GRB150403A,2.06,310492800.0,83.0,0.00011,1.3e-05
310492810.6467253,0.1336103691033404,GRB150403A,2.06,310492800.0,83.0,0.00011,1.3e-05
310492805.40446985,0.37166148229369694,GRB150403A,2.06,310492800.0,83.0,0.00011,1.3e-05
310492815.6257553,0.3819040712405626,GRB150403A,2.06,310492800.0,83.0,0.00011,1.3e-05
310492814.3493645,0.5242382109208612,GRB150403A,2.06,310492800.0,83.0,0.00011,1.3e-05
310492810.65594053,1.9020716416010108,GRB150403A,2.06,310492800.0,83.0,0.00011,1.3e-05
310492811.6233957,0.15721325302909853,GRB150403A,2.06,310492800.0,83.0,0.00011,1.3e-05
310492813.341047,0.1965745855805102,GRB150403A,2.06,310492800.0,83.0,0.00011,1.3e-05
310492814.74917614,0.2680059896779569,GRB150403A,2.06,310492800.0,83.0,0.00011,1.3e-05
310492809.324171,0.28524522669011604,GRB150403A,2.06,310492800.0,83.0,0.00011,1.3e-05
310492800.9341502,0.8964874859800646,GRB150403A,2.06,310492800.0,83.0,0.00011,1.3e-05
310492825.65383685,0.10038896429195723,GRB150403A,2.06,310492800.0,83.0,0.00011,1.3e-05
310492804.8044078,0.11919278149556232,GRB150403A,2.06,310492800.0,83.0,0.00011,1.3e-05
310492801.30209076,0.25757490457240245,GRB150403A,2.06,310492800.0,83.0,0.00011,1.3e-05
310492812.6764788,0.1358051914679582,GRB150403A,2.06,310492800.0,83.0,0.00011,1.3e-05
310492807.99566346,0.12057828691470705,GRB150403A,2.06,310492800.0,83.0,0.00011,1.3e-05
310492811.08700746,0.1979207475864773,GRB150403A,2.06,310492800.0,83.0,0.00011,1.3e-05
310492838.83421916,0.16248998327289707,GRB150403A,2.06,310492800.0,83.0,0.00011,1.3e-05
310492803.26648647,0.11775700146699233,GRB150403A,2.06,310492800.0,83.0,0.00011,1.3e-05
310492806.2978613,0.11001617085085867,GRB150403A,2.06,310492800.0,83.0,0.00011,1.3e-05
310492827.1068326,0.1362639088841811,GRB150403A,2.06,310492800.0,83.0,0.00011,1.3e-05
310492820.87504923,0.11309992938311733,GRB150403A,2.06,310492800.0,83.0,0.00011,1.3e-05
310492818.8409455,0.11583916336658824,GRB150403A,2.06,310492800.0,83.0,0.00011,1.3e-05
310492803.06429106,0.5226716565783023,GRB150403A,2.06,310492800.0,83.0,0.00011,1.3e-05
310492813.16445625,0.26483069124185443,GRB150403A,2.06,310492800.0,83.0,0.00011,1.3e-05
310492828.6681733,0.13376802482462,GRB150403A,2.06,310492800.0,83.0,0.00011,1.3e-05
310492802.1260739,0.12597223230016089,GRB150403A,2.06,310492800.0,83.0,0.00011,1.3e-05
310492812.6444096,0.275216227902864,GRB150403A,2.06,310492800.0,83.0,0.00011,1.3e-05
310492806.3319118,0.13049387413878596,GRB150403A,2.06,310492800.0,83.0,0.00011,1.3e-05
310492800.38626456,0.43027156422184787,GRB150403A,2.06,310492800.0,83.0,0.00011,1.3e-05
310492809.75345284,0.1157830351049306,GRB150403A,2.06,310492800.0,83.0,0.00011,1.3e-05
310492805.51924944,0.10454038860610511,GRB150403A,2.06,310492800.0,83.0,0.00011,1.3e-05
310492803.1574169,0.47807528202582505,GRB150403A,2.06,310492800.0,83.0,0.00011,1.3e-05
310492834.20497304,0.13075689209094182,GRB150403A,2.06,310492800.0,83.0,0.00011,1.3e-05
310492804.64153016,0.10196042358404662,GRB150403A,2.06,310492800.0,83.0,0.00011,1.3e-05
310492804.4757487,0.31050403239279534,GRB150403A,2.06,310492800.0,83.0,0.00011,1.3e-05
310492800.1050787,0.14139554845890154,GRB150403A,2.06,310492800.0,83.0,0.00011,1.3e-05
310492800.2741938,0.1012428022159502,GRB150403A,2.06,310492800.0,83.0,0.00011,1.3e-05
310492801.27318734,0.7220373383266643,GRB150403A,2.06,310492800.0,83.0,0.00011,1.3e-05
310492800.25573987,1.0003548311699801,GRB150403A,2.06,310492800.0,83.0,0.00011,1.3e-05
310492803.5845681,0.10482478252555216,GRB150403A,2.06,310492800.0,83.0,0.00011,1.3e-05
310492829.77663475,0.14244115945186,GRB150403A,2.06,310492800.0,83.0,0.00011,1.3e-05
310492820.43644434,1.5949884130591405,GRB150403A,2.06,310492800.0,83.0,0.00011,1.3e-05
310492830.97383755,0.10420698223785962,GRB150403A,2.06,310492800.0,83.0,0.00011,1.3e-05
310492822.28388506,0.11087470444615868,GRB150403A,2.06,310492800.0,83.0,0.00011,1.3e-05
310492804.32545865,3.0841433204663233,GRB150403A,2.06,310492800.0,83.0,0.00011,1.3e-05
310492803.857555,0.17841635005236528,GRB150403A,2.06,310492800.0,83.0,0.00011,1.3e-05
310492807.43124807,0.1276438657956492,GRB150403A,2.06,310492800.0,83.0,0.00011,1.3e-05
310492809.0806778,0.42431801578673584,GRB150403A,2.06,310492800.0,83.0,0.00011,1.3e-05
310492814.9454812,0.8069765368176909,GRB150403A,2.06,310492800.0,83.0,0.00011,1.3e-05
310492800.6257888,0.2718152657802829,GRB150403A,2.06,310492800.0,83.0,0.00011,1.3e-05
310492808.7912514,0.1070867973056866,GRB150403A,2.06,310492800.0,83.0,0.00011,1.3e-05
310492812.0879239,0.187351503120399,GRB150403A,2.06,310492800.0,83.0,0.00011,1.3e-05
310492802.10004747,0.18283885822032053,GRB150403A,2.06,310492800.0,83.0,0.00011,1.3e-05
310492802.0523746,1.1302411857060053,GRB150403A,2.06,310492800.0,83.0,0.00011,1.3e-05
310492800.90403587,0.2016231158827786,GRB150403A,2.06,310492800.0,83.0,0.00011,1.3e-05
310492809.9008745,0.12017690433147794,GRB150403A,2.06,310492800.0,83.0,0.00011,1.3e-05
310492802.0925477,0.10121472071605359,GRB150403A,2.06,310492800.0,83.0,0.00011,1.3e-05
310492800.68517137,0.24375043607359986,GRB150403A,2.06,310492800.0,83.0,0.00011,1.3e-05
310492803.03866035,1.6241798635613216,GRB150403A,2.06,310492800.0,83.0,0.00011,1.3e-05
310492815.0652909,0.2184329321412547,GRB150403A,2.06,310492800.0,83.0,0.00011,1.3e-05
310492801.00365776,5.090098955215877,GRB150403A,2.06,310492800.0,83.0,0.00011,1.3e-05
310492800.4947797,0.1072917408475832,GRB150403A,2.06,310492800.0,83.0,0.00011,1.3e-05
310492827.03019416,0.14681018651629762,GRB150403A,2.06,310492800.0,83.0,0.00011,1.3e-05
310492804.11988527,1.3446695121911818,GRB150403A,2.06,310492800.0,83.0,0.00011,1.3e-05
310492810.0314626,0.18644912723212645,GRB150403A,2.06,310492800.0,83.0,0.00011,1.3e-05
310492810.3386927,0.13742766268055887,GRB150403A,2.06,310492800.0,83.0,0.00011,1.3e-05
310492805.21904165,0.33891684915181036,GRB150403A,2.06,310492800.0,83.0,0.00011,1.3e-05
310492803.4998662,0.10346447700029145,GRB150403A,2.06,310492800.0,83.0,0.00011,1.3e-05
310492801.1062096,0.12168675221484831,GRB150403A,2.06,310492800.0,83.0,0.00011,1.3e-05
310492806.5043581,0.11184750520624064,GRB150403A,2.06,310492800.0,83.0,0.00011,1.3e-05
310492808.05085284,0.10021151800545458,GRB150403A,2.06,310492800.0,83.0,0.00011,1.3e-05
310492803.270989,0.22051155191080457,GRB150403A,2.06,310492800.0,83.0,0.00011,1.3e-05
310492800.0081038,0.10648237391487479,GRB150403A,2.06,310492800.0,83.0,0.00011,1.3e-05
310492808.97938126,2.4816115723595953,GRB150403A,2.06,310492800.0,83.0,0.00011,1.3e-05
310492800.3391868,0.11124784808740731,GRB150403A,2.06,310492800.0,83.0,0.00011,1.3e-05
310492802.9759684,0.1067013908782597,GRB150403A,2.06,310492800.0,83.0,0.00011,1.3e-05
310492801.6513414,0.10078684111753052,GRB150403A,2.06,310492800.0,83.0,0.00011,1.3e-05
310492814.9217443,0.4428576731085417,GRB150403A,2.06,310492800.0,83.0,0.00011,1.3e-05
310492805.8432018,0.2047662708649424,GRB150403A,2.06,310492800.0,83.0,0.00011,1.3e-05
310492800.03934467,0.15198970806954387,GRB150403A,2.06,310492800.0,83.0,0.00011,1.3e-05
310492801.00827473,0.29748550688390146,GRB150403A,2.06,310492800.0,83.0,0.00011,1.3e-05
310492802.1495641,0.1036103440829411,GRB150403A,2.06,310492800.0,83.0,0.00011,1.3e-05
310492800.1515457,1.088060268592891,GRB150403A,2.06,310492800.0,83.0,0.00011,1.3e-05
310492806.1349943,0.24937401447624585,GRB150403A,2.06,310492800.0,83.0,0.00011,1.3e-05
310492801.3255754,0.3551693536569735,GRB150403A,2.06,310492800.0,83.0,0.00011,1.3e-05
310492834.888894,0.2402020183869699,GRB150403A,2.06,310492800.0,83.0,0.00011,1.3e-05
310492856.1440007,0.21634520288692458,GRB150403A,2.06,310492800.0,83.0,0.00011,1.3e-05
310492811.6702096,0.37185122808314536,GRB150403A,2.06,310492800.0,83.0,0.00011,1.3e-05
310492803.9634129,0.5042811063154574,GRB150403A,2.06,310492800.0,83.0,0.00011,1.3e-05
310492811.96933323,0.923761113031755,GRB150403A,2.06,310492800.0,83.0,0.00011,1.3e-05
310492800.78589666,0.1402642174541727,GRB150403A,2.06,310492800.0,83.0,0.00011,1.3e-05
310492826.78147703,0.43341673159252836,GRB150403A,2.06,310492800.0,83.0,0.00011,1.3e-05
310492809.3850767,0.17595347608070794,GRB150403A,2.06,310492800.0,83.0,0.00011,1.3e-05
310492800.432272,0.1210156218004424,GRB150403A,2.06,310492800.0,83.0,0.00011,1.3e-05
310492802.38122034,0.12060653865822411,GRB150403A,2.06,310492800.0,83.0,0.00011,1.3e-05
310492823.7553819,0.10876961971180027,GRB150403A,2.06,310492800.0,83.0,0.00011,1.3e-05
310492802.329961,0.11244292140259396,GRB150403A,2.06,310492800.0,83.0,0.00011,1.3e-05
310492812.8984482,0.25092205646508414,GRB150403A,2.06,310492800.0,83.0,0.00011,1.3e-05
310492807.3132932,0.4037834895192308,GRB150403A,2.06,310492800.0,83.0,0.00011,1.3e-05
310492807.7887303,0.12515803691292285,GRB150403A,2.06,310492800.0,83.0,0.00011,1.3e-05
310492802.6224296,0.1451688645919169,GRB150403A,2.06,310492800.0,83.0,0.00011,1.3e-05
310492801.9854919,0.10659994302599639,GRB150403A,2.06,310492800.0,83.0,0.00011,1.3e-05
310492816.5826663,0.29088967917817604,GRB150403A,2.06,310492800.0,83.0,0.00011,1.3e-05
310492820.9353143,0.17596220609081006,GRB150403A,2.06,310492800.0,83.0,0.00011,1.3e-05
310492802.8311821,0.11950559818966466,GRB150403A,2.06,310492800.0,83.0,0.00011,1.3e-05
310492804.8851815,0.13545280605356996,GRB150403A,2.06,310492800.0,83.0,0.00011,1.3e-05
310492816.72620535,0.2519040039703658,GRB150403A,2.06,310492800.0,83.0,0.00011,1.3e-05
310492800.7968992,0.26691076330623315,GRB150403A,2.06,310492800.0,83.0,0.00011,1.3e-05
310492805.1756513,0.38426937171168624,GRB150403A,2.06,310492800.0,83.0,0.00011,1.3e-05
310492804.9958899,0.18636008931959544,GRB150403A,2.06,310492800.0,83.0,0.00011,1.3e-05
310492812.15428895,0.3586228418051175,GRB150403A,2.06,310492800.0,83.0,0.00011,1.3e-05
310492808.89091325,0.1424287209409702,GRB150403A,2.06,310492800.0,83.0,0.00011,1.3e-05
310492809.23900896,0.17874953898884302,GRB150403A,2.06,310492800.0,83.0,0.00011,1.3e-05
310492828.74331737,0.4879619187451555,GRB150403A,2.06,310492800.0,83.0,0.00011,1.3e-05
310492806.61216676,0.10757506604768144,GRB150403A,2.06,310492800.0,83.0,0.00011,1.3e-05
310492818.5691881,0.12691612362352667,GRB150403A,2.06,310492800.0,83.0,0.00011,1.3e-05
310492805.3544177,0.15593863242603356,GRB150403A,2.06,310492800.0,83.0,0.00011,1.3e-05
310492800.166834,0.1470379048581109,GRB150403A,2.06,310492800.0,83.0,0.00011,1.3e-05
310492801.67546564,0.14152932218442335,GRB150403A,2.06,310492800.0,83.0,0.00011,1.3e-05
310492805.07784516,3.2565470563278502,GRB150403A,2.06,310492800.0,83.0,0.00011,1.3e-05
310492801.73596686,0.16039457782898675,GRB150403A,2.06,310492800.0,83.0,0.00011,1.3e-05
310492822.1595403,0.4093303322222771,GRB150403A,2.06,310492800.0,83.0,0.00011,1.3e-05
310492800.59141415,0.18312983909232225,GRB150403A,2.06,310492800.0,83.0,0.00011,1.3e-05
310492802.0581368,0.20644814626554325,GRB150403A,2.06,310492800.0,83.0,0.00011,1.3e-05
310492806.292727,0.18736812598151298,GRB150403A,2.06,310492800.0,83.0,0.00011,1.3e-05
310492806.16037965,0.10147011685268015,GRB150403A,2.06,310492800.0,83.0,0.00011,1.3e-05
310492803.5958194,0.10076289671487573,GRB150403A,2.06,310492800.0,83.0,0.00011,1.3e-05
310492805.1263986,0.4020810811054384,GRB150403A,2.06,310492800.0,83.0,0.00011,1.3e-05
310492816.4400248,0.2363295412693306,GRB150403A,2.06,310492800.0,83.0,0.00011,1.3e-05
310492809.5505703,0.17130800571177696,GRB150403A,2.06,310492800.0,83.0,0.00011,1.3e-05
310492809.6300955,0.6387763919682101,GRB150403A,2.06,310492800.0,83.0,0.00011,1.3e-05
310492803.7173997,0.31680115631192174,GRB150403A,2.06,310492800.0,83.0,0.00011,1.3e-05
310492832.7752004,0.14959013433633225,GRB150403A,2.06,310492800.0,83.0,0.00011,1.3e-05
310492801.56668824,0.5514606349510731,GRB150403A,2.06,310492800.0,83.0,0.00011,1.3e-05
310492807.73461396,1.7937082012267234,GRB150403A,2.06,310492800.0,83.0,0.00011,1.3e-05
310492836.34469414,0.10913022304276432,GRB150403A,2.06,310492800.0,83.0,0.00011,1.3e-05
310492809.15004605,0.40892993474568184,GRB150403A,2.06,310492800.0,83.0,0.00011,1.3e-05
310492816.016427,0.18892380499037334,GRB150403A,2.06,310492800.0,83.0,0.00011,1.3e-05
310492802.3418793,0.10510744825502952,GRB150403A,2.06,310492800.0,83.0,0.00011,1.3e-05
310492803.37061656,0.1537202451099455,GRB150403A,2.06,310492800.0,83.0,0.00011,1.3e-05
310492807.7230869,0.27518945806313594,GRB150403A,2.06,310492800.0,83.0,0.00011,1.3e-05
310492811.72867495,1.0676197408191574,GRB150403A,2.06,310492800.0,83.0,0.00011,1.3e-05
310492803.09077716,0.13695485562595042,GRB150403A,2.06,310492800.0,83.0,0.00011,1.3e-05
310492803.6400026,0.13714332418293818,GRB150403A,2.06,310492800.0,83.0,0.00011,1.3e-05
310492801.15087664,0.12648268889836176,GRB150403A,2.06,310492800.0,83.0,0.00011,1.3e-05
310492801.7695049,0.12636064841982805,GRB150403A,2.06,310492800.0,83.0,0.00011,1.3e-05
310492802.32261115,0.1464334420789005,GRB150403A,2.06,310492800.0,83.0,0.00011,1.3e-05
310492801.2821897,0.102066635645635,GRB150403A,2.06,310492800.0,83.0,0.00011,1.3e-05
310492803.29537284,0.1434781555959402,GRB150403A,2.06,310492800.0,83.0,0.00011,1.3e-05
310492806.4657716,0.18348893395467591,GRB150403A,2.06,310492800.0,83.0,0.00011,1.3e-05
310492802.6274882,0.23787739182621226,GRB150403A,2.06,310492800.0,83.0,0.00011,1.3e-05
310492816.8028741,0.11431387482905908,GRB150403A,2.06,310492800.0,83.0,0.00011,1.3e-05
310492803.7226868,0.2470461611312881,GRB150403A,2.06,310492800.0,83.0,0.00011,1.3e-05
310492801.9126898,0.11490794386972486,GRB150403A,2.06,310492800.0,83.0,0.00011,1.3e-05
310492801.8289597,0.12179704060240021,GRB150403A,2.06,310492800.0,83.0,0.00011,1.3e-05
310492808.42913014,1.3851658168348793,GRB150403A,2.06,310492800.0,83.0,0.00011,1.3e-05
310492800.1107184,0.1088037379797703,GRB150403A,2.06,310492800.0,83.0,0.00011,1.3e-05
310492830.21243674,0.17495415077719043,GRB150403A,2.06,310492800.0,83.0,0.00011,1.3e-05
310492822.05077386,5.763746417685873,GRB150403A,2.06,310492800.0,83.0,0.00011,1.3e-05
310492815.89615023,0.8086369764076955,GRB150403A,2.06,310492800.0,83.0,0.00011,1.3e-05
310492806.5891772,0.12482349028745539,GRB150403A,2.06,310492800.0,83.0,0.00011,1.3e-05
310492803.76157445,0.16690445499402273,GRB150403A,2.06,310492800.0,83.0,0.00011,1.3e-05
310492800.520791,0.10323017074459442,GRB150403A,2.06,310492800.0,83.0,0.00011,1.3e-05
310492803.33287233,0.22080018567308257,GRB150403A,2.06,310492800.0,83.0,0.00011,1.3e-05
310492806.35027295,0.11246924916397212,GRB150403A,2.06,310492800.0,83.0,0.00011,1.3e-05
310492801.69438475,0.11047475771110074,GRB150403A,2.06,310492800.0,83.0,0.00011,1.3e-05
310492815.02611333,0.10516913087636298,GRB150403A,2.06,310492800.0,83.0,0.00011,1.3e-05
310492802.39856756,0.11003987383549126,GRB150403A,2.06,310492800.0,83.0,0.00011,1.3e-05
310492809.6638811,0.1306362492503259,GRB150403A,2.06,310492800.0,83.0,0.00011,1.3e-05
310492801.7830302,0.4636733354585711,GRB150403A,2.06,310492800.0,83.0,0.00011,1.3e-05
310492804.8161242,0.10466843672082647,GRB150403A,2.06,310492800.0,83.0,0.00011,1.3e-05
310492808.8548068,0.2924030917551685,GRB150403A,2.06,310492800.0,83.0,0.00011,1.3e-05
310492800.2244561,0.11330301946977622,GRB150403A,2.06,310492800.0,83.0,0.00011,1.3e-05
310492803.4801579,0.114816871845596,GRB150403A,2.06,310492800.0,83.0,0.00011,1.3e-05
310492804.09691244,0.13321897570717497,GRB150403A,2.06,310492800.0,83.0,0.00011,1.3e-05
310492803.4367118,0.7027890520126019,GRB150403A,2.06,310492800.0,83.0,0.00011,1.3e-05
310492808.70030105,0.12779643749627867,GRB150403A,2.06,310492800.0,83.0,0.00011,1.3e-05
310492802.91024613,0.7114652985575478,GRB150403A,2.06,310492800.0,83.0,0.00011,1.3e-05
310492800.3631495,0.1592023414825336,GRB150403A,2.06,310492800.0,83.0,0.00011,1.3e-05
310492812.7957186,0.11999895640366479,GRB150403A,2.06,310492800.0,83.0,0.00011,1.3e-05
310492806.24297816,0.12870118271453265,GRB150403A,2.06,310492800.0,83.0,0.00011,1.3e-05
310492802.5269579,3.269155201211429,GRB150403A,2.06,310492800.0,83.0,0.00011,1.3e-05
310492813.6082687,5.084859920641086,GRB150403A,2.06,310492800.0,83.0,0.00011,1.3e-05
310492801.98540217,0.24786093988866617,GRB150403A,2.06,310492800.0,83.0,0.00011,1.3e-05
310492804.4818445,0.1676232188201002,GRB150403A,2.06,310492800.0,83.0,0.00011,1.3e-05
310492820.40357137,1.9114448171522849,GRB150403A,2.06,310492800.0,83.0,0.00011,1.3e-05
310492805.0937541,0.5414661104160648,GRB150403A,2.06,310492800.0,83.0,0.00011,1.3e-05
310492822.2306987,0.19847972550859108,GRB150403A,2.06,310492800.0,83.0,0.00011,1.3e-05
310492806.71732634,0.12787581832996384,GRB150403A,2.06,310492800.0,83.0,0.00011,1.3e-05
310492802.8624303,0.4765060694793511,GRB150403A,2.06,310492800.0,83.0,0.00011,1.3e-05
310492800.278733,2.9291281802442053,GRB150403A,2.06,310492800.0,83.0,0.00011,1.3e-05
310492800.5213239,0.11399697343601345,GRB150403A,2.06,310492800.0,83.0,0.00011,1.3e-05
310492810.0736447,1.0141467108763706,GRB150403A,2.06,310492800.0,83.0,0.00011,1.3e-05
310492811.3770906,0.2688092931533567,GRB150403A,2.06,310492800.0,83.0,0.00011,1.3e-05
310492809.241721,0.14632737085364045,GRB150403A,2.06,310492800.0,83.0,0.00011,1.3e-05
310492800.5771716,2.22458864682719,GRB150403A,2.06,310492800.0,83.0,0.00011,1.3e-05
310492817.4484011,0.22637856288445143,GRB150403A,2.06,310492800.0,83.0,0.00011,1.3e-05
310492806.13261926,0.11041980007021879,GRB150403A,2.06,310492800.0,83.0,0.00011,1.3e-05
310492801.6498623,0.10134970492778739,GRB150403A,2.06,310492800.0,83.0,0.00011,1.3e-05
310492804.35654277,0.11027789816817848,GRB150403A,2.06,310492800.0,83.0,0.00011,1.3e-05
310492813.14319813,0.11175164756926104,GRB150403A,2.06,310492800.0,83.0,0.00011,1.3e-05
310492806.12994885,0.13343539270544813,GRB150403A,2.06,310492800.0,83.0,0.00011,1.3e-05
310492807.794818,0.10608808961476182,GRB150403A,2.06,310492800.0,83.0,0.00011,1.3e-05
310492801.558492,0.18618990877787836,GRB150403A,2.06,310492800.0,83.0,0.00011,1.3e-05
310492811.7461198,0.6972227459849778,GRB150403A,2.06,310492800.0,83.0,0.00011,1.3e-05
310492812.5529042,0.1562040849968653,GRB150403A,2.06,310492800.0,83.0,0.00011,1.3e-05
310492800.2057093,0.10169079556297878,GRB150403A,2.06,310492800.0,83.0,0.00011,1.3e-05
310492802.9177358,14.880907390872125,GRB150403A,2.06,310492800.0,83.0,0.00011,1.3e-05
310492803.2950027,0.16714375817952187,GRB150403A,2.06,310492800.0,83.0,0.00011,1.3e-05
310492804.68342704,0.14454437055056926,GRB150403A,2.06,310492800.0,83.0,0.00011,1.3e-05
310492804.0432396,0.19786587933061864,GRB150403A,2.06,310492800.0,83.0,0.00011,1.3e-05
310492815.93319124,0.20855519852958318,GRB150403A,2.06,310492800.0,83.0,0.00011,1.3e-05
310492814.8262355,0.10268369543902323,GRB150403A,2.06,310492800.0,83.0,0.00011,1.3e-05
310492807.1503311,0.11078597327961259,GRB150403A,2.06,310492800.0,83.0,0.00011,1.3e-05
310492806.30266845,19.225669603995954,GRB150403A,2.06,310492800.0,83.0,0.00011,1.3e-05
310492809.6649564,0.9624433869867117,GRB150403A,2.06,310492800.0,83.0,0.00011,1.3e-05
310492800.39616615,0.10204306178423894,GRB150403A,2.06,310492800.0,83.0,0.00011,1.3e-05
310492803.98843,0.312701598293031,GRB150403A,2.06,310492800.0,83.0,0.00011,1.3e-05
310492800.2697922,0.12519544286583545,GRB150403A,2.06,310492800.0,83.0,0.00011,1.3e-05
310492803.8661377,2.2832854774692564,GRB150403A,2.06,310492800.0,83.0,0.00011,1.3e-05
310492803.65261286,0.12102260031847936,GRB150403A,2.06,310492800.0,83.0,0.00011,1.3e-05
310492806.13560784,0.15107296728057676,GRB150403A,2.06,310492800.0,83.0,0.00011,1.3e-05
310492814.67106634,0.19704392483072108,GRB150403A,2.06,310492800.0,83.0,0.00011,1.3e-05
310492804.7691096,0.26043322368848093,GRB150403A,2.06,310492800.0,83.0,0.00011,1.3e-05
310492807.3011557,0.1838107915733489,GRB150403A,2.06,310492800.0,83.0,0.00011,1.3e-05
310492803.47750425,0.3063641006706238,GRB150403A,2.06,310492800.0,83.0,0.00011,1.3e-05
310492801.9480719,0.1235930137135864,GRB150403A,2.06,310492800.0,83.0,0.00011,1.3e-05
310492808.3135942,0.10091654454629068,GRB150403A,2.06,310492800.0,83.0,0.00011,1.3e-05
310492822.2730125,0.14751555445095274,GRB150403A,2.06,310492800.0,83.0,0.00011,1.3e-05
310492801.46418387,0.11328468156905132,GRB150403A,2.06,310492800.0,83.0,0.00011,1.3e-05
310492801.8078122,0.7786637674575573,GRB150403A,2.06,310492800.0,83.0,0.00011,1.3e-05
310492808.7025921,0.4469134187007926,GRB150403A,2.06,310492800.0,83.0,0.00011,1.3e-05
310492827.7346847,0.7424165968544679,GRB150403A,2.06,310492800.0,83.0,0.00011,1.3e-05
310492824.432682,44.837547481246645,GRB150403A,2.06,310492800.0,83.0,0.00011,1.3e-05
310492806.8384502,1.8981351687526573,GRB150403A,2.06,310492800.0,83.0,0.00011,1.3e-05
310492808.9973739,0.15853619606809946,GRB150403A,2.06,310492800.0,83.0,0.00011,1.3e-05
310492803.3023326,0.10504680614814058,GRB150403A,2.06,310492800.0,83.0,0.00011,1.3e-05
310492811.39363784,0.11227796622884728,GRB150403A,2.06,310492800.0,83.0,0.00011,1.3e-05
310492808.22768635,0.14858921678816095,GRB150403A,2.06,310492800.0,83.0,0.00011,1.3e-05
310492800.6108084,0.4163588344996237,GRB150403A,2.06,310492800.0,83.0,0.00011,1.3e-05
310492805.2351368,0.1563634643407421,GRB150403A,2.06,310492800.0,83.0,0.00011,1.3e-05
310492802.3709433,0.22851431046053708,GRB150403A,2.06,310492800.0,83.0,0.00011,1.3e-05
310492805.8135619,0.516647427267745,GRB150403A,2.06,310492800.0,83.0,0.00011,1.3e-05
310492801.0566475,1.8149353721007797,GRB150403A,2.06,310492800.0,83.0,0.00011,1.3e-05
310492802.89408,0.22767881044745442,GRB150403A,2.06,310492800.0,83.0,0.00011,1.3e-05
310492800.3934897,0.1890523651635417,GRB150403A,2.06,310492800.0,83.0,0.00011,1.3e-05
310492801.00871396,0.2390912134304286,GRB150403A,2.06,310492800.0,83.0,0.00011,1.3e-05
310492818.82174456,0.15027417391538866,GRB150403A,2.06,310492800.0,83.0,0.00011,1.3e-05
310492802.53565246,0.15043935809443543,GRB150403A,2.06,310492800.0,83.0,0.00011,1.3e-05
310492809.0219573,0.1292275520046919,GRB150403A,2.06,310492800.0,83.0,0.00011,1.3e-05
310492806.6458773,0.19369645613502262,GRB150403A,2.06,310492800.0,83.0,0.00011,1.3e-05
310492800.49512124,0.31850262169093496,GRB150403A,2.06,310492800.0,83.0,0.00011,1.3e-05
310492810.6924772,0.12447929062531093,GRB150403A,2.06,310492800.0,83.0,0.00011,1.3e-05
310492804.45116496,0.11471096338147635,GRB150403A,2.06,310492800.0,83.0,0.00011,1.3e-05
310492803.53065085,0.14025612824893885,GRB150403A,2.06,310492800.0,83.0,0.00011,1.3e-05
310492801.4335123,0.10627697169352711,GRB150403A,2.06,310492800.0,83.0,0.00011,1.3e-05
310492801.53496754,0.12937301565155446,GRB150403A,2.06,310492800.0,83.0,0.00011,1.3e-05
310492802.1478057,0.16956592425804257,GRB150403A,2.06,310492800.0,83.0,0.00011,1.3e-05
310492802.60044384,0.6236223859423743,GRB150403A,2.06,310492800.0,83.0,0.00011,1.3e-05
310492803.80013806,0.38130571859160667,GRB150403A,2.06,310492800.0,83.0,0.00011,1.3e-05
310492806.72938704,0.22412921606462421,GRB150403A,2.06,310492800.0,83.0,0.00011,1.3e-05
310492807.80205166,0.902541638233442,GRB150403A,2.06,310492800.0,83.0,0.00011,1.3e-05
310492813.11968637,0.16387757957750246,GRB150403A,2.06,310492800.0,83.0,0.00011,1.3e-05
310492809.28079313,0.14435008015413628,GRB150403A,2.06,310492800.0,83.0,0.00011,1.3e-05
310492810.94333667,0.15360051742906305,GRB150403A,2.06,310492800.0,83.0,0.00011,1.3e-05
310492811.27586716,0.8278368604214427,GRB150403A,2.06,310492800.0,83.0,0.00011,1.3e-05
310492807.7515937,0.36698357183607133,GRB150403A,2.06,310492800.0,83.0,0.00011,1.3e-05
310492807.5433778,20.325979494919956,GRB150403A,2.06,310492800.0,83.0,0.00011,1.3e-05
310492800.01463753,0.27557091193438077,GRB150403A,2.06,310492800.0,83.0,0.00011,1.3e-05
310492801.61136454,0.13073935508057635,GRB150403A,2.06,310492800.0,83.0,0.00011,1.3e-05
310492805.13235056,0.17169785151841754,GRB150403A,2.06,310492800.0,83.0,0.00011,1.3e-05
310492811.8492245,0.3679329629114372,GRB150403A,2.06,310492800.0,83.0,0.00011,1.3e-05
310492802.08013445,0.6838559095863785,GRB150403A,2.06,310492800.0,83.0,0.00011,1.3e-05
310492806.99047136,0.18132948096354518,GRB150403A,2.06,310492800.0,83.0,0.00011,1.3e-05
310492805.47113985,0.21264055934793272,GRB150403A,2.06,310492800.0,83.0,0.00011,1.3e-05
310492803.10214573,0.2515590653332788,GRB150403A,2.06,310492800.0,83.0,0.00011,1.3e-05
310492801.19021463,0.22985090217925805,GRB150403A,2.06,310492800.0,83.0,0.00011,1.3e-05
310492800.7441056,0.24562496205616863,GRB150403A,2.06,310492800.0,83.0,0.00011,1.3e-05
310492803.10070866,0.31183880814068177,GRB150403A,2.06,310492800.0,83.0,0.00011,1.3e-05
310492801.92008996,0.9553095733287646,GRB150403A,2.06,310492800.0,83.0,0.00011,1.3e-05
310492805.0766061,0.1646496318284246,GRB150403A,2.06,310492800.0,83.0,0.00011,1.3e-05
310492803.74463737,0.18648575514733134,GRB150403A,2.06,310492800.0,83.0,0.00011,1.3e-05
310492810.7556873,1.5029478574541102,GRB150403A,2.06,310492800.0,83.0,0.00011,1.3e-05
310492800.3289425,0.16451278143525472,GRB150403A,2.06,310492800.0,83.0,0.00011,1.3e-05
310492801.67314243,0.2001562176691191,GRB150403A,2.06,310492800.0,83.0,0.00011,1.3e-05
310492809.63186103,0.2009349631396687,GRB150403A,2.06,310492800.0,83.0,0.00011,1.3e-05
310492800.2559766,0.19871455384135853,GRB150403A,2.06,310492800.0,83.0,0.00011,1.3e-05
310492810.80632156,0.104030450904715,GRB150403A,2.06,310492800.0,83.0,0.00011,1.3e-05
310492801.137457,8.146257222754421,GRB150403A,2.06,310492800.0,83.0,0.00011,1.3e-05
310492802.698962,0.18782043860145828,GRB150403A,2.06,310492800.0,83.0,0.00011,1.3e-05
310492802.4812281,0.1838568008346206,GRB150403A,2.06,310492800.0,83.0,0.00011,1.3e-05
310492802.44583493,0.16537403846581988,GRB150403A,2.06,310492800.0,83.0,0.00011,1.3e-05
310492815.01883453,0.11661294251998765,GRB150403A,2.06,310492800.0,83.0,0.00011,1.3e-05
310492806.4669758,0.35993495122508323,GRB150403A,2.06,310492800.0,83.0,0.00011,1.3e-05
310492803.6137104,0.1899188288226047,GRB150403A,2.06,310492800.0,83.0,0.00011,1.3e-05
310492800.06128305,0.9357329634605422,GRB150403A,2.06,310492800.0,83.0,0.00011,1.3e-05
310492806.8670981,0.10424297243562669,GRB150403A,2.06,310492800.0,83.0,0.00011,1.3e-05
310492801.31644905,0.27294067744415823,GRB150403A,2.06,310492800.0,83.0,0.00011,1.3e-05
310492805.221612,1.8216594908001946,GRB150403A,2.06,310492800.0,83.0,0.00011,1.3e-05
310492815.00150406,1.5762413426274038,GRB150403A,2.06,310492800.0,83.0,0.00011,1.3e-05
310492825.140128,0.13083624912602085,GRB150403A,2.06,310492800.0,83.0,0.00011,1.3e-05
310492809.0966777,0.20205960231629191,GRB150403A,2.06,310492800.0,83.0,0.00011,1.3e-05
310492801.02773386,0.10072690325430603,GRB150403A,2.06,310492800.0,83.0,0.00011,1.3e-05
310492823.7450555,0.15312952718266437,GRB150403A,2.06,310492800.0,83.0,0.00011,1.3e-05
